section,subsection,content,reference,extr_ref_calls,extr_ref_prompt_tokens,extr_ref_completion_tokens,extr_ref_total_cost,section_number,paragraph_number,parsed_references,rule,extr_rules_calls,extr_rules_prompt_tokens,extr_rules_completion_tokens,extr_rules_total_cost
,,"Erste Verordnung zur Änderung der Gebührenordnung für Zahnärzte Vom 5. Dezember 2011 Auf Grund des § 15 des Gesetzes über die Ausübung der Zahnheilkunde in der Fassung der Bekanntmachung vom 16. April 1987 (BGBl. I S. 1225) verordnet die Bundesregierung: Artikel 1 Änderung der Gebührenordnung für Zahnärzte Die Gebührenordnung für Zahnärzte vom 22. Oktober 1987 (BGBl. I S. 2316), die zuletzt durch Artikel 18 des Gesetzes vom 4. Dezember 2001 (BGBl. I S. 3320) geändert worden ist, wird wie folgt geändert:",References: § 15,1,240,5,0.0075,,,[{'section': '15'}],,1,782,5,0.023760000000000003
§ 1 Anwendungsbereich ,(1),"Die Vergütungen für die beruflichen Leistungen der Zahnärzte bestimmen sich nach dieser Verordnung, soweit nicht durch Bundesgesetz etwas anderes bestimmt ist.",The text does not mention any references to other paragraphs.,1,102,11,0.0037199999999999,1.0,1.0,,,1,644,5,0.019620000000000002
§ 1 Anwendungsbereich ,(2),"Vergütungen darf der Zahnarzt nur für Leistungen berechnen, die nach den Regeln der zahnärztlichen Kunst für eine zahnmedizinisch notwendige zahnärztliche Versorgung erforderlich sind. Leistungen, die über das Maß einer zahnmedizinisch notwendigen zahnärztlichen Versorgung hinausgehen, darf er nur berechnen, wenn sie auf Verlangen des Zahlungspflichtigen erbracht worden sind.",The text does not mention any references to other paragraphs.,1,170,11,0.00576,1.0,2.0,,,1,712,5,0.02166
§ 2 Abweichende Vereinbarung ,(1),Durch Vereinbarung zwischen Zahnarzt und Zahlungspflichtigem kann eine von dieser Verordnung abweichende Gebührenhöhe festgelegt werden. Die Vereinbarung einer abweichenden Punktzahl (§ 5 Absatz 1 Satz 2) oder eines abweichenden Punktwertes (§ 5 Absatz 1 Satz 3) ist nicht zulässig. Notfall- und akute Schmerzbehandlungen dürfen nicht von einer Vereinbarung nach Satz 1 abhängig gemacht werden.,References: §5 (1),1,191,7,0.00615,2.0,1.0,"[{'section': '5', 'paragraph': '1'}]","Rule 1: The agreement of a deviating point score (§ 5 paragraph 1 sentence 2) or a deviating point value (§ 5 paragraph 1 sentence 3) is not permitted. This means that the ""PointScore"" and ""Multiplier"" values in the invoice should not deviate from the values specified in the GOZ.",1,924,128,0.0354
§ 2 Abweichende Vereinbarung ,(1),Durch Vereinbarung zwischen Zahnarzt und Zahlungspflichtigem kann eine von dieser Verordnung abweichende Gebührenhöhe festgelegt werden. Die Vereinbarung einer abweichenden Punktzahl (§ 5 Absatz 1 Satz 2) oder eines abweichenden Punktwertes (§ 5 Absatz 1 Satz 3) ist nicht zulässig. Notfall- und akute Schmerzbehandlungen dürfen nicht von einer Vereinbarung nach Satz 1 abhängig gemacht werden.,References: §5 (1),1,191,7,0.00615,2.0,1.0,"[{'section': '5', 'paragraph': '1'}]",Rule 2: Emergency and acute pain treatments must not be made dependent on an agreement according to sentence 1. This implies that the services related to emergency and acute pain treatments in the invoice should not be influenced by any special agreement between the dentist and the payer.,1,924,128,0.0354
§ 2 Abweichende Vereinbarung ,(2),"Eine Vereinbarung nach Absatz 1 Satz 1 ist nach persönlicher Absprache im Einzelfall zwischen Zahnarzt und Zahlungspflichtigem vor Erbringung der Leistung des Zahnarztes schriftlich zu treffen. Dieses muss neben der Nummer und der Bezeichnung der Leistung, dem vereinbarten Steigerungssatz und dem sich daraus ergebenden Betrag auch die Feststellung enthalten, dass eine Erstattung der Vergütung durch Erstattungsstellen möglicherweise nicht in vollem Umfang gewährleistet ist. Weitere Erklärungen darf die Vereinbarung nicht enthalten. Der Zahnarzt hat dem Zahlungspflichtigen einen Abdruck der Vereinbarung auszuhändigen.",The text does not contain any references to other paragraphs.,1,233,11,0.00765,2.0,2.0,,Rule 1: The invoice must contain the service number and the description of the service.,1,775,76,0.02781
§ 2 Abweichende Vereinbarung ,(2),"Eine Vereinbarung nach Absatz 1 Satz 1 ist nach persönlicher Absprache im Einzelfall zwischen Zahnarzt und Zahlungspflichtigem vor Erbringung der Leistung des Zahnarztes schriftlich zu treffen. Dieses muss neben der Nummer und der Bezeichnung der Leistung, dem vereinbarten Steigerungssatz und dem sich daraus ergebenden Betrag auch die Feststellung enthalten, dass eine Erstattung der Vergütung durch Erstattungsstellen möglicherweise nicht in vollem Umfang gewährleistet ist. Weitere Erklärungen darf die Vereinbarung nicht enthalten. Der Zahnarzt hat dem Zahlungspflichtigen einen Abdruck der Vereinbarung auszuhändigen.",The text does not contain any references to other paragraphs.,1,233,11,0.00765,2.0,2.0,,Rule 2: The invoice must specify the agreed multiplier and the resulting amount.,1,775,76,0.02781
§ 2 Abweichende Vereinbarung ,(2),"Eine Vereinbarung nach Absatz 1 Satz 1 ist nach persönlicher Absprache im Einzelfall zwischen Zahnarzt und Zahlungspflichtigem vor Erbringung der Leistung des Zahnarztes schriftlich zu treffen. Dieses muss neben der Nummer und der Bezeichnung der Leistung, dem vereinbarten Steigerungssatz und dem sich daraus ergebenden Betrag auch die Feststellung enthalten, dass eine Erstattung der Vergütung durch Erstattungsstellen möglicherweise nicht in vollem Umfang gewährleistet ist. Weitere Erklärungen darf die Vereinbarung nicht enthalten. Der Zahnarzt hat dem Zahlungspflichtigen einen Abdruck der Vereinbarung auszuhändigen.",The text does not contain any references to other paragraphs.,1,233,11,0.00765,2.0,2.0,,Rule 3: The invoice must contain a statement that reimbursement of the fee by reimbursement agencies may not be fully guaranteed.,1,775,76,0.02781
§ 2 Abweichende Vereinbarung ,(2),"Eine Vereinbarung nach Absatz 1 Satz 1 ist nach persönlicher Absprache im Einzelfall zwischen Zahnarzt und Zahlungspflichtigem vor Erbringung der Leistung des Zahnarztes schriftlich zu treffen. Dieses muss neben der Nummer und der Bezeichnung der Leistung, dem vereinbarten Steigerungssatz und dem sich daraus ergebenden Betrag auch die Feststellung enthalten, dass eine Erstattung der Vergütung durch Erstattungsstellen möglicherweise nicht in vollem Umfang gewährleistet ist. Weitere Erklärungen darf die Vereinbarung nicht enthalten. Der Zahnarzt hat dem Zahlungspflichtigen einen Abdruck der Vereinbarung auszuhändigen.",The text does not contain any references to other paragraphs.,1,233,11,0.00765,2.0,2.0,,Rule 4: The invoice should not contain any further explanations.,1,775,76,0.02781
§ 2 Abweichende Vereinbarung ,(2),"Eine Vereinbarung nach Absatz 1 Satz 1 ist nach persönlicher Absprache im Einzelfall zwischen Zahnarzt und Zahlungspflichtigem vor Erbringung der Leistung des Zahnarztes schriftlich zu treffen. Dieses muss neben der Nummer und der Bezeichnung der Leistung, dem vereinbarten Steigerungssatz und dem sich daraus ergebenden Betrag auch die Feststellung enthalten, dass eine Erstattung der Vergütung durch Erstattungsstellen möglicherweise nicht in vollem Umfang gewährleistet ist. Weitere Erklärungen darf die Vereinbarung nicht enthalten. Der Zahnarzt hat dem Zahlungspflichtigen einen Abdruck der Vereinbarung auszuhändigen.",The text does not contain any references to other paragraphs.,1,233,11,0.00765,2.0,2.0,,,1,775,76,0.02781
§ 2 Abweichende Vereinbarung ,(3),"Leistungen nach § 1 Absatz 2 Satz 2 und ihre Vergütung müssen in einem Heil- und Kostenplan schriftlich vereinbart werden. Der Heil- und Kostenplan muss vor Erbringung der Leistung erstellt werden; er muss die einzelnen Leistungen und Vergütungen sowie die Feststellung enthalten, dass es sich um Leistungen auf Verlangen handelt und eine Erstattung möglicherweise nicht gewährleistet ist. § 6 Absatz 1 bleibt unberührt.","References: §1 Absatz 2 Satz 2, §6 Absatz 1",1,177,19,0.0064499999999999,2.0,3.0,"[{'section': '1', 'paragraph': '2', 'sentence': None}, {'section': '6', 'paragraph': '1', 'sentence': '1'}]","Rule 1: Services that go beyond the necessary dental care (as per § 1 (2)) must be explicitly requested by the payer. This request should be documented in the ""Justification"" field of the service.",1,1025,273,0.04713
§ 2 Abweichende Vereinbarung ,(3),"Leistungen nach § 1 Absatz 2 Satz 2 und ihre Vergütung müssen in einem Heil- und Kostenplan schriftlich vereinbart werden. Der Heil- und Kostenplan muss vor Erbringung der Leistung erstellt werden; er muss die einzelnen Leistungen und Vergütungen sowie die Feststellung enthalten, dass es sich um Leistungen auf Verlangen handelt und eine Erstattung möglicherweise nicht gewährleistet ist. § 6 Absatz 1 bleibt unberührt.","References: §1 Absatz 2 Satz 2, §6 Absatz 1",1,177,19,0.0064499999999999,2.0,3.0,"[{'section': '1', 'paragraph': '2', 'sentence': None}, {'section': '6', 'paragraph': '1', 'sentence': '1'}]","Rule 2: Services that go beyond the necessary dental care (as per § 1 (2)) and are requested by the payer may not be guaranteed for reimbursement. This should be indicated in the ""Justification"" field of the service.",1,1025,273,0.04713
§ 2 Abweichende Vereinbarung ,(3),"Leistungen nach § 1 Absatz 2 Satz 2 und ihre Vergütung müssen in einem Heil- und Kostenplan schriftlich vereinbart werden. Der Heil- und Kostenplan muss vor Erbringung der Leistung erstellt werden; er muss die einzelnen Leistungen und Vergütungen sowie die Feststellung enthalten, dass es sich um Leistungen auf Verlangen handelt und eine Erstattung möglicherweise nicht gewährleistet ist. § 6 Absatz 1 bleibt unberührt.","References: §1 Absatz 2 Satz 2, §6 Absatz 1",1,177,19,0.0064499999999999,2.0,3.0,"[{'section': '1', 'paragraph': '2', 'sentence': None}, {'section': '6', 'paragraph': '1', 'sentence': '1'}]","Rule 3: A treatment and cost plan must be created before the service is provided. This implies that the ""DateOfTreatment"" for each service must be later than the creation date of the treatment and cost plan. The creation date of the treatment and cost plan can be assumed to be the ""InvoiceDate"".",1,1025,273,0.04713
§ 2 Abweichende Vereinbarung ,(3),"Leistungen nach § 1 Absatz 2 Satz 2 und ihre Vergütung müssen in einem Heil- und Kostenplan schriftlich vereinbart werden. Der Heil- und Kostenplan muss vor Erbringung der Leistung erstellt werden; er muss die einzelnen Leistungen und Vergütungen sowie die Feststellung enthalten, dass es sich um Leistungen auf Verlangen handelt und eine Erstattung möglicherweise nicht gewährleistet ist. § 6 Absatz 1 bleibt unberührt.","References: §1 Absatz 2 Satz 2, §6 Absatz 1",1,177,19,0.0064499999999999,2.0,3.0,"[{'section': '1', 'paragraph': '2', 'sentence': None}, {'section': '6', 'paragraph': '1', 'sentence': '1'}]","Rule 4: The treatment and cost plan must include individual services and charges. This implies that each service in the ""Services"" array must have a ""ServiceNumber"", ""Multiplier"", ""PointScore"", ""Charge"", and ""Description"".",1,1025,273,0.04713
§ 2 Abweichende Vereinbarung ,(3),"Leistungen nach § 1 Absatz 2 Satz 2 und ihre Vergütung müssen in einem Heil- und Kostenplan schriftlich vereinbart werden. Der Heil- und Kostenplan muss vor Erbringung der Leistung erstellt werden; er muss die einzelnen Leistungen und Vergütungen sowie die Feststellung enthalten, dass es sich um Leistungen auf Verlangen handelt und eine Erstattung möglicherweise nicht gewährleistet ist. § 6 Absatz 1 bleibt unberührt.","References: §1 Absatz 2 Satz 2, §6 Absatz 1",1,177,19,0.0064499999999999,2.0,3.0,"[{'section': '1', 'paragraph': '2', 'sentence': None}, {'section': '6', 'paragraph': '1', 'sentence': '1'}]","Rule 5: Independent dental services not included in the fee schedule (as per § 6 (1)) can be charged according to a service of equivalent type, cost, and time expenditure. This implies that the ""Charge"" for each service must be justified in the ""Justification"" field of the service.",1,1025,273,0.04713
§ 2 Abweichende Vereinbarung ,(4),"Bei vollstationären, teilstationären sowie vor- und nachstationären privatzahnärztlichen Leistungen ist eine Vereinbarung nach Absatz 1 Satz 1 nur für vom Wahlzahnarzt persönlich erbrachte Leistungen zulässig.",The text does not mention any references to other paragraphs.,1,121,11,0.0042899999999999,2.0,4.0,,,1,663,5,0.020190000000000003
§ 3 Vergütungen ,,"Als Vergütungen stehen dem Zahnarzt Gebühren, Entschädigungen und Ersatz von Auslagen zu.",The text does not mention any references to other paragraphs.,1,87,11,0.00327,3.0,,,,1,629,5,0.01917
§ 4 Gebühren ,(1),Gebühren sind Vergütungen für die im Gebührenverzeichnis (Anlage 1) genannten zahnärztlichen Leistungen.,The text does not mention any references to other paragraphs.,1,94,11,0.00348,4.0,1.0,,,1,636,5,0.01938
§ 4 Gebühren ,(2),"Der Zahnarzt kann Gebühren nur für selbstständige zahnärztliche Leistungen berechnen, die er selbst erbracht hat oder die unter seiner Aufsicht nach fachlicher Weisung erbracht wurden (eigene Leistungen). Für eine Leistung, die Bestandteil oder eine besondere Ausführung einer anderen Leistung nach dem Gebührenverzeichnis ist, kann der Zahnarzt eine Gebühr nicht berechnen, wenn er für die andere Leistung eine Gebühr berechnet. Dies gilt auch für die zur Erbringung der im Gebührenverzeichnis aufgeführten operativen Leistungen methodisch notwendigen operativen Einzelschritte. Eine Leistung ist methodisch notwendiger Bestandteil einer anderen Leistung, wenn sie inhaltlich von der Leistungsbeschreibung der anderen Leistung (Zielleistung) umfasst und auch in deren Bewertung berücksichtigt worden ist.",The text does not mention any references to other paragraphs.,1,272,11,0.00882,4.0,2.0,,,1,814,5,0.02472
§ 4 Gebühren ,(3),"Mit den Gebühren sind die Praxiskosten einschließlich der Kosten für Füllungsmaterial, für den Sprechstundenbedarf, für die Anwendung von Instrumenten und Apparaten sowie für Lagerhaltung abgegolten, soweit nicht im Gebührenverzeichnis etwas anderes bestimmt ist. Hat der Zahnarzt zahnärztliche Leistungen unter Inanspruchnahme Dritter, die nach dieser Verordnung selbst nicht liquidationsberechtigt sind, erbracht, so sind die hierdurch entstandenen Kosten ebenfalls mit der Gebühr abgegolten.",The text does not mention any specific paragraphs for reference.,1,196,11,0.00654,4.0,3.0,,,1,738,5,0.02244
§ 4 Gebühren ,(4),"Kosten, die nach Absatz 3 mit den Gebühren abgegolten sind, dürfen nicht gesondert berechnet werden. Eine Abtretung des Vergütungsanspruchs in Höhe solcher Kosten ist gegenüber dem Zahlungspflichtigen unwirksam.",The text does not mention any references to other paragraphs.,1,123,11,0.00435,4.0,4.0,,,1,665,5,0.02025
§ 4 Gebühren ,(5),"Sollen Leistungen durch Dritte erbracht werden, die diese dem Zahlungspflichtigen unmittelbar berechnen, so hat der Zahnarzt ihn darüber zu unterrichten.",The text does not mention any references to other paragraphs.,1,101,11,0.00369,4.0,5.0,,,1,643,5,0.01959
§ 5 Bemessung der Gebühren für Leistungen des Gebührenverzeichnisses ,(1),"Die Höhe der einzelnen Gebühr bemisst sich nach dem Einfachen bis Dreieinhalbfachen des Gebührensatzes. Gebührensatz ist der Betrag, der sich ergibt, wenn die Punktzahl der einzelnen Leistung des Gebührenverzeichnisses mit dem Punktwert vervielfacht wird. Der Punktwert beträgt 5,62421 Cent. Bei der Bemessung von Gebühren sind sich ergebende Bruchteile eines Cents unter 0,5 abzurunden und Bruchteile von 0,5 und mehr aufzurunden; die Rundung ist erst nach der Multiplikation mit dem Steigerungsfaktor nach Satz 1 vorzunehmen.",The text does not mention any references to other paragraphs.,1,226,11,0.0074399999999999,5.0,1.0,,"The ""Multiplier"" for each service should be between 1 and 3.5.",1,768,117,0.030059999999999996
§ 5 Bemessung der Gebühren für Leistungen des Gebührenverzeichnisses ,(1),"Die Höhe der einzelnen Gebühr bemisst sich nach dem Einfachen bis Dreieinhalbfachen des Gebührensatzes. Gebührensatz ist der Betrag, der sich ergibt, wenn die Punktzahl der einzelnen Leistung des Gebührenverzeichnisses mit dem Punktwert vervielfacht wird. Der Punktwert beträgt 5,62421 Cent. Bei der Bemessung von Gebühren sind sich ergebende Bruchteile eines Cents unter 0,5 abzurunden und Bruchteile von 0,5 und mehr aufzurunden; die Rundung ist erst nach der Multiplikation mit dem Steigerungsfaktor nach Satz 1 vorzunehmen.",The text does not mention any references to other paragraphs.,1,226,11,0.0074399999999999,5.0,1.0,,"The ""Charge"" for each service should be calculated as the ""PointScore"" multiplied by the ""Multiplier"" and then by 0.0562421 (which is the point value in Euros).",1,768,117,0.030059999999999996
§ 5 Bemessung der Gebühren für Leistungen des Gebührenverzeichnisses ,(1),"Die Höhe der einzelnen Gebühr bemisst sich nach dem Einfachen bis Dreieinhalbfachen des Gebührensatzes. Gebührensatz ist der Betrag, der sich ergibt, wenn die Punktzahl der einzelnen Leistung des Gebührenverzeichnisses mit dem Punktwert vervielfacht wird. Der Punktwert beträgt 5,62421 Cent. Bei der Bemessung von Gebühren sind sich ergebende Bruchteile eines Cents unter 0,5 abzurunden und Bruchteile von 0,5 und mehr aufzurunden; die Rundung ist erst nach der Multiplikation mit dem Steigerungsfaktor nach Satz 1 vorzunehmen.",The text does not mention any references to other paragraphs.,1,226,11,0.0074399999999999,5.0,1.0,,"If the result of the above calculation results in a fraction of a cent, it should be rounded down if it's less than 0.5 and rounded up if it's 0.5 or more. The rounding should be done after the multiplication with the ""Multiplier"".",1,768,117,0.030059999999999996
§ 5 Bemessung der Gebühren für Leistungen des Gebührenverzeichnisses ,(2),"Innerhalb des Gebührenrahmens sind die Gebühren unter Berücksichtigung der Schwierigkeit und des Zeitaufwandes der einzelnen Leistung sowie der Umstände bei der Ausführung nach billigem Ermessen zu bestimmen. Die Schwierigkeit der einzelnen Leistung kann auch durch die Schwierigkeit des Krankheitsfalles begründet sein. Bemessungskriterien, die bereits in der Leistungsbeschreibung berücksichtigt worden sind, haben hierbei außer Betracht zu bleiben. Der 2,3fache Gebührensatz bildet die nach Schwierigkeit und Zeitaufwand durchschnittliche Leistung ab; ein Überschreiten dieses Gebührensatzes ist nur zulässig, wenn Besonderheiten der in Satz 1 genannten Bemessungskriterien dies rechtfertigen; Leistungen mit unterdurchschnittlichem Schwierigkeitsgrad oder Zeitaufwand sind mit einem niedrigeren Gebührensatz zu berechnen.",The text does not mention any references to other paragraphs.,1,293,11,0.0094499999999999,5.0,2.0,,"The multiplier for each service should not exceed 2.3 unless justified by the difficulty or time required for the service. Justification should be provided in the ""Justification"" field.",1,835,55,0.02835
§ 5 Bemessung der Gebühren für Leistungen des Gebührenverzeichnisses ,(2),"Innerhalb des Gebührenrahmens sind die Gebühren unter Berücksichtigung der Schwierigkeit und des Zeitaufwandes der einzelnen Leistung sowie der Umstände bei der Ausführung nach billigem Ermessen zu bestimmen. Die Schwierigkeit der einzelnen Leistung kann auch durch die Schwierigkeit des Krankheitsfalles begründet sein. Bemessungskriterien, die bereits in der Leistungsbeschreibung berücksichtigt worden sind, haben hierbei außer Betracht zu bleiben. Der 2,3fache Gebührensatz bildet die nach Schwierigkeit und Zeitaufwand durchschnittliche Leistung ab; ein Überschreiten dieses Gebührensatzes ist nur zulässig, wenn Besonderheiten der in Satz 1 genannten Bemessungskriterien dies rechtfertigen; Leistungen mit unterdurchschnittlichem Schwierigkeitsgrad oder Zeitaufwand sind mit einem niedrigeren Gebührensatz zu berechnen.",The text does not mention any references to other paragraphs.,1,293,11,0.0094499999999999,5.0,2.0,,Services with below-average difficulty or time requirement should be calculated with a lower multiplier.,1,835,55,0.02835
§ 6 Gebühren für andere Leistungen ,(1),"Selbstständige zahnärztliche Leistungen, die in das Gebührenverzeichnis nicht aufgenommen sind, können entsprechend einer nach Art, Kosten- und Zeitaufwand gleichwertigen Leistung des Gebührenver zeichnisses dieser Verordnung berechnet werden. Sofern auch eine nach Art, Kosten- und Zeitaufwand gleichwertige Leistung im Gebührenverzeichnis dieser Verordnung nicht enthalten ist, kann die selbstständige zahnärztliche Leistung entsprechend einer nach Art, Kosten- und Zeitaufwand gleichwertigen Leistung der in Absatz 2 genannten Leistungen des Gebührenverzeichnisses der Gebührenordnung für Ärzte berechnet werden.",The text does not mention any references to other paragraphs.,1,224,11,0.00738,6.0,1.0,,,1,766,5,0.023280000000000002
§ 6 Gebühren für andere Leistungen ,(2),"Die Vergütungen sind nach den Vorschriften der Gebührenordnung für Ärzte zu berechnen, soweit die Leistung nicht als selbstständige Leistung oder Teil einer anderen Leistung im Gebührenverzeichnis der Gebührenordnung für Zahnärzte enthalten ist und wenn die Leistungen, die der Zahnarzt erbringt, in den folgenden Abschnitten des Gebührenverzeichnisses der Gebührenordnung für Ärzte aufgeführt sind: 1. B I, B II, B III unter den Nummern 30, 31 und 34, B IV bis B VI, 2. C I unter den Nummern 200, 204, 210 und 211, C II, C III bis C VII, C VIII nur soweit eine zugrunde liegende ambulante operative Leistung berechnet wird, 3. E V und E VI, 4. J, 5. L I, L II unter den Nummern 2072 bis 2074, L III, L V unter den Nummern 2253 bis 2256 im Rahmen der Behandlung von Kieferbrüchen, L VI unter den Nummern 2321, 2355 und 2356 im Rahmen der Behandlung von Kieferbrüchen, L VII, L IX, 6. M unter den Nummern 3511, 3712, 3714, 3715, 4504, 4530, 4538, 4605, 4606 und 4715, 7. N unter der Nummer 4852 sowie 8. O.","References: B I, B II, B III (30, 31, 34), B IV, B V, B VI, C I (200, 204, 210, 211), C II, C III, C IV, C V, C VI, C VII, C VIII, E V, E VI, J, L I, L II (2072, 2073, 2074), L III, L V (2253, 2254, 2255, 2256), L VI (2321, 2355, 2356), L VII, L IX, M (3511, 3712, 3714, 3715, 4504, 4530, 4538, 4605, 4606, 4715), N (4852), O.",1,428,177,0.0234599999999999,6.0,2.0,,,1,970,5,0.0294
§7 Gebühren bei stationärer Behandlung ,(1),"Bei vollstationären, teilstationären sowie vor- und nachstationären privatzahnärztlichen Leistungen sind die nach dieser Verordnung berechneten Gebühren einschließlich der darauf entfallenden Zuschläge um 25 vom Hundert zu mindern. Abweichend davon beträgt die Minderung für Leistungen und Zuschläge nach Satz 1 von Belegzahnärzten oder niedergelassenen anderen Zahnärzten 15 vom Hundert. Ausgenommen von dieser Minderungspflicht ist der Zuschlag nach Buchstabe J in Abschnitt B V des Gebührenverzeichnisses der Gebührenordnung für Ärzte.",The text does not mention any references to other paragraphs.,1,216,11,0.00714,7.0,1.0,,"For full inpatient, partial inpatient as well as pre- and post-inpatient private dental services, the fees calculated according to this regulation, including the surcharges, are to be reduced by 25 percent.",1,758,102,0.02886
§7 Gebühren bei stationärer Behandlung ,(1),"Bei vollstationären, teilstationären sowie vor- und nachstationären privatzahnärztlichen Leistungen sind die nach dieser Verordnung berechneten Gebühren einschließlich der darauf entfallenden Zuschläge um 25 vom Hundert zu mindern. Abweichend davon beträgt die Minderung für Leistungen und Zuschläge nach Satz 1 von Belegzahnärzten oder niedergelassenen anderen Zahnärzten 15 vom Hundert. Ausgenommen von dieser Minderungspflicht ist der Zuschlag nach Buchstabe J in Abschnitt B V des Gebührenverzeichnisses der Gebührenordnung für Ärzte.",The text does not mention any references to other paragraphs.,1,216,11,0.00714,7.0,1.0,,"However, the reduction for services and surcharges according to sentence 1 by attending dentists or other established dentists is 15 percent.",1,758,102,0.02886
§7 Gebühren bei stationärer Behandlung ,(1),"Bei vollstationären, teilstationären sowie vor- und nachstationären privatzahnärztlichen Leistungen sind die nach dieser Verordnung berechneten Gebühren einschließlich der darauf entfallenden Zuschläge um 25 vom Hundert zu mindern. Abweichend davon beträgt die Minderung für Leistungen und Zuschläge nach Satz 1 von Belegzahnärzten oder niedergelassenen anderen Zahnärzten 15 vom Hundert. Ausgenommen von dieser Minderungspflicht ist der Zuschlag nach Buchstabe J in Abschnitt B V des Gebührenverzeichnisses der Gebührenordnung für Ärzte.",The text does not mention any references to other paragraphs.,1,216,11,0.00714,7.0,1.0,,The surcharge according to letter J in section B V of the fee schedule of the fee schedule for doctors is exempt from this reduction obligation.,1,758,102,0.02886
§7 Gebühren bei stationärer Behandlung ,(2),Neben den nach Absatz 1 geminderten Gebühren darf der Zahnarzt Kosten nicht berechnen; die §§ 8 und 9 bleiben unberührt.,"References: §8, §9",1,99,7,0.00339,7.0,2.0,"[{'section': '8'}, {'section': '9'}]","Rule 1: If the dentist visits a patient, he/she can charge a travel fee (Wegegeld) or travel compensation (Reiseentschädigung). The amount depends on the distance from the dentist's practice to the patient's location and the time of the visit. This should be reflected in the ""Charge"" field under ""Services"".",1,1625,331,0.06861
§7 Gebühren bei stationärer Behandlung ,(2),Neben den nach Absatz 1 geminderten Gebühren darf der Zahnarzt Kosten nicht berechnen; die §§ 8 und 9 bleiben unberührt.,"References: §8, §9",1,99,7,0.00339,7.0,2.0,"[{'section': '8'}, {'section': '9'}]","Rule 2: If the dentist visits multiple patients in the same household or in a home, such as a nursing or care home, the travel fee can only be charged once and only proportionally. This should be reflected in the ""Charge"" field under ""Services"".",1,1625,331,0.06861
§7 Gebühren bei stationärer Behandlung ,(2),Neben den nach Absatz 1 geminderten Gebühren darf der Zahnarzt Kosten nicht berechnen; die §§ 8 und 9 bleiben unberührt.,"References: §8, §9",1,99,7,0.00339,7.0,2.0,"[{'section': '8'}, {'section': '9'}]","Rule 3: For visits outside a radius of 25 kilometers from the dentist's practice, a travel compensation replaces the travel fee. The amount depends on the distance travelled, the duration of the absence, and the costs for necessary overnight stays. This should be reflected in the ""Charge"" field under ""Services"".",1,1625,331,0.06861
§7 Gebühren bei stationärer Behandlung ,(2),Neben den nach Absatz 1 geminderten Gebühren darf der Zahnarzt Kosten nicht berechnen; die §§ 8 und 9 bleiben unberührt.,"References: §8, §9",1,99,7,0.00339,7.0,2.0,"[{'section': '8'}, {'section': '9'}]","Rule 4: In addition to the fees for individual dental services, the actual reasonable costs for dental technical services can be charged as expenses, as long as these costs are not covered by the fee schedule. This should be reflected in the ""Charge"" field under ""MaterialCosts"".",1,1625,331,0.06861
§7 Gebühren bei stationärer Behandlung ,(2),Neben den nach Absatz 1 geminderten Gebühren darf der Zahnarzt Kosten nicht berechnen; die §§ 8 und 9 bleiben unberührt.,"References: §8, §9",1,99,7,0.00339,7.0,2.0,"[{'section': '8'}, {'section': '9'}]","Rule 5: If the costs for dental technical services are expected to exceed 1,000 Euros, the dentist must provide the patient with a cost estimate before the treatment. If the costs in the cost estimate are expected to be exceeded by more than 15 percent, the dentist must inform the patient immediately. This should be reflected in the ""Justification"" field under ""MaterialCosts"".",1,1625,331,0.06861
§7 Gebühren bei stationärer Behandlung ,(2),Neben den nach Absatz 1 geminderten Gebühren darf der Zahnarzt Kosten nicht berechnen; die §§ 8 und 9 bleiben unberührt.,"References: §8, §9",1,99,7,0.00339,7.0,2.0,"[{'section': '8'}, {'section': '9'}]",,1,1625,331,0.06861
§ 8 Entschädigungen ,(1),Als Entschädigungen für Besuche erhält der Zahnarzt Wegegeld oder Reiseentschädigung; hierdurch sind Zeitversäumnisse und die durch den Besuch bedingten Mehrkosten abgegolten.,The text does not mention any references to other paragraphs.,1,114,11,0.0040799999999999,8.0,1.0,,,1,656,5,0.01998
§ 8 Entschädigungen ,(2),"Der Zahnarzt kann für jeden Besuch ein Wegegeld berechnen. Das Wegegeld beträgt für einen Besuch innerhalb eines Radius um die Praxisstelle des Zahnarztes von 1. bis zu zwei Kilometern 4,30 Euro, bei Nacht (zwischen 20 und 8 Uhr) 8,60 Euro, 2. mehr als zwei Kilometern bis zu fünf Kilometern 8,00 Euro, bei Nacht 12,30 Euro, 3. mehr als fünf Kilometern bis zu zehn Kilometern 12,30 Euro, bei Nacht 18,40 Euro, 4. mehr als zehn Kilometern bis zu 25 Kilometern 18,40 Euro, bei Nacht 30,70 Euro. Erfolgt der Besuch von der Wohnung des Zahnarztes aus, so tritt bei der Berechnung des Radius die Wohnung des Zahnarztes an die Stelle der Praxisstelle. Werden mehrere Patienten in derselben häuslichen Gemeinschaft oder in einem Heim, insbesondere in einem Alten- oder Pflegeheim besucht, darf der Zahnarzt das Wegegeld unabhängig von der Anzahl der besuchten Patienten und deren Versichertenstatus insgesamt nur einmal und nur anteilig berechnen.",The text does not mention any references to other paragraphs.,1,361,11,0.0114899999999999,8.0,2.0,,,1,903,5,0.02739
§ 8 Entschädigungen ,(3),"Bei Besuchen außerhalb eines Radius von 25 Kilometern um die Praxisstelle des Zahnarztes tritt an die Stelle des Wegegeldes eine Reiseentschädigung. Als Reiseentschädigung erhält der Zahnarzt 1. 0,42 Euro für jeden zurückgelegten Kilometer, wenn er einen eigenen Kraftwagen benutzt, bei Benutzung anderer Verkehrsmittel die tatsächlichen Aufwendungen, 2. bei Abwesenheit bis zu acht Stunden 56,00 Euro, bei Abwesenheit von mehr als acht Stunden 112,50 Euro je Tag, 3. Ersatz der Kosten für notwendige Übernachtungen. Absatz 2 Satz 3 und 4 gilt entsprechend.",The text does not contain any references to other paragraphs.,1,235,11,0.0077099999999999,8.0,3.0,,,1,777,5,0.023610000000000003
§ 9 Ersatz von Auslagen für zahntechnische Leistungen ,(1),"Neben den für die einzelnen zahnärztlichen Leistungen vorgesehenen Gebühren können als Auslagen die dem Zahnarzt tatsächlich entstandenen angemessenen Kosten für zahntechnische Leistungen berechnet werden, soweit diese Kosten nicht nach den Bestimmungen des Gebührenverzeichnisses mit den Gebühren abgegolten sind.",The text does not mention any references to other paragraphs.,1,149,11,0.00513,9.0,1.0,,,1,691,5,0.02103
§ 9 Ersatz von Auslagen für zahntechnische Leistungen ,(2),"Der Zahnarzt hat dem Zahlungspflichtigen vor der Behandlung einen Kostenvoranschlag des gewerblichen oder des praxiseigenen Labors über die voraussichtlich entstehenden Kosten für zahntechnische Leistungen anzubieten und auf dessen Verlangen in Textform vorzulegen, sofern die Kosten insgesamt voraussichtlich einen Betrag von 1.000 Euro überschreiten. Für Behandlungen, die auf der Grundlage eines Heil- und Kostenplans für einen Behandlungszeitraum von mehr als zwölf Monaten geplant werden, gilt Satz 1 nur, sofern voraussichtlich bereits innerhalb eines Zeitraums von sechs Monaten Kosten von mehr als 1.000 Euro entstehen. Der Kostenvoranschlag muss die voraussichtlichen Gesamtkosten für zahntechnische Leistungen und die dabei verwendeten Materialien angeben. Art, Umfang und Ausführung der einzelnen Leistungen, Berechnungsgrundlage und Herstellungsort der zahntechnischen Leistungen sind dem Zahlungspflichtigen auf Verlangen näher zu erläutern. Ist eine Überschreitung der im Kostenvoranschlag genannten Kosten um mehr als 15 vom Hundert zu erwarten, hat der Zahnarzt den Zahlungspflichtigen hierüber unverzüglich in Textform zu unterrichten.",The text does not contain any references to other paragraphs.,1,394,11,0.01248,9.0,2.0,,"If the total cost is expected to exceed 1,000 Euro, the dentist must provide the patient with a cost estimate before treatment.",1,936,109,0.03462
§ 9 Ersatz von Auslagen für zahntechnische Leistungen ,(2),"Der Zahnarzt hat dem Zahlungspflichtigen vor der Behandlung einen Kostenvoranschlag des gewerblichen oder des praxiseigenen Labors über die voraussichtlich entstehenden Kosten für zahntechnische Leistungen anzubieten und auf dessen Verlangen in Textform vorzulegen, sofern die Kosten insgesamt voraussichtlich einen Betrag von 1.000 Euro überschreiten. Für Behandlungen, die auf der Grundlage eines Heil- und Kostenplans für einen Behandlungszeitraum von mehr als zwölf Monaten geplant werden, gilt Satz 1 nur, sofern voraussichtlich bereits innerhalb eines Zeitraums von sechs Monaten Kosten von mehr als 1.000 Euro entstehen. Der Kostenvoranschlag muss die voraussichtlichen Gesamtkosten für zahntechnische Leistungen und die dabei verwendeten Materialien angeben. Art, Umfang und Ausführung der einzelnen Leistungen, Berechnungsgrundlage und Herstellungsort der zahntechnischen Leistungen sind dem Zahlungspflichtigen auf Verlangen näher zu erläutern. Ist eine Überschreitung der im Kostenvoranschlag genannten Kosten um mehr als 15 vom Hundert zu erwarten, hat der Zahnarzt den Zahlungspflichtigen hierüber unverzüglich in Textform zu unterrichten.",The text does not contain any references to other paragraphs.,1,394,11,0.01248,9.0,2.0,,"For treatments planned over a period of more than twelve months, the above rule applies only if costs exceeding 1,000 Euro are expected within a six-month period.",1,936,109,0.03462
§ 9 Ersatz von Auslagen für zahntechnische Leistungen ,(2),"Der Zahnarzt hat dem Zahlungspflichtigen vor der Behandlung einen Kostenvoranschlag des gewerblichen oder des praxiseigenen Labors über die voraussichtlich entstehenden Kosten für zahntechnische Leistungen anzubieten und auf dessen Verlangen in Textform vorzulegen, sofern die Kosten insgesamt voraussichtlich einen Betrag von 1.000 Euro überschreiten. Für Behandlungen, die auf der Grundlage eines Heil- und Kostenplans für einen Behandlungszeitraum von mehr als zwölf Monaten geplant werden, gilt Satz 1 nur, sofern voraussichtlich bereits innerhalb eines Zeitraums von sechs Monaten Kosten von mehr als 1.000 Euro entstehen. Der Kostenvoranschlag muss die voraussichtlichen Gesamtkosten für zahntechnische Leistungen und die dabei verwendeten Materialien angeben. Art, Umfang und Ausführung der einzelnen Leistungen, Berechnungsgrundlage und Herstellungsort der zahntechnischen Leistungen sind dem Zahlungspflichtigen auf Verlangen näher zu erläutern. Ist eine Überschreitung der im Kostenvoranschlag genannten Kosten um mehr als 15 vom Hundert zu erwarten, hat der Zahnarzt den Zahlungspflichtigen hierüber unverzüglich in Textform zu unterrichten.",The text does not contain any references to other paragraphs.,1,394,11,0.01248,9.0,2.0,,The cost estimate must specify the total expected cost for dental technical services and the materials used.,1,936,109,0.03462
§ 9 Ersatz von Auslagen für zahntechnische Leistungen ,(2),"Der Zahnarzt hat dem Zahlungspflichtigen vor der Behandlung einen Kostenvoranschlag des gewerblichen oder des praxiseigenen Labors über die voraussichtlich entstehenden Kosten für zahntechnische Leistungen anzubieten und auf dessen Verlangen in Textform vorzulegen, sofern die Kosten insgesamt voraussichtlich einen Betrag von 1.000 Euro überschreiten. Für Behandlungen, die auf der Grundlage eines Heil- und Kostenplans für einen Behandlungszeitraum von mehr als zwölf Monaten geplant werden, gilt Satz 1 nur, sofern voraussichtlich bereits innerhalb eines Zeitraums von sechs Monaten Kosten von mehr als 1.000 Euro entstehen. Der Kostenvoranschlag muss die voraussichtlichen Gesamtkosten für zahntechnische Leistungen und die dabei verwendeten Materialien angeben. Art, Umfang und Ausführung der einzelnen Leistungen, Berechnungsgrundlage und Herstellungsort der zahntechnischen Leistungen sind dem Zahlungspflichtigen auf Verlangen näher zu erläutern. Ist eine Überschreitung der im Kostenvoranschlag genannten Kosten um mehr als 15 vom Hundert zu erwarten, hat der Zahnarzt den Zahlungspflichtigen hierüber unverzüglich in Textform zu unterrichten.",The text does not contain any references to other paragraphs.,1,394,11,0.01248,9.0,2.0,,"If an increase in the cost estimate by more than 15 percent is expected, the dentist must immediately inform the patient in text form.",1,936,109,0.03462
§ 10 Fälligkeit und Abrechnung der Vergütung; Rechnung ,(1),"Die Vergütung wird fällig, wenn dem Zahlungspflichtigen eine dieser Verordnung entsprechende Rechnung nach der Anlage 2 erteilt worden ist. Künftige Änderungen der Anlage 2 werden durch das Bundesministerium für Gesundheit durch Bekanntmachung veröffentlicht.",The text does not mention any references to other paragraphs.,1,130,11,0.00456,10.0,1.0,,,1,672,5,0.020460000000000002
§ 10 Fälligkeit und Abrechnung der Vergütung; Rechnung ,(2),"Die Rechnung muss insbesondere enthalten: 1. das Datum der Erbringung der Leistung, 2. bei Gebühren die Nummer und die Bezeichnung der einzelnen berechneten Leistung einschließlich einer verständlichen Bezeichnung des behandelten Zahnes und einer in der Leistungsbeschreibung oder einer Abrechnungsbestimmung gegebenenfalls genannten Mindestdauer sowie den jeweiligen Betrag und den Steigerungssatz, 3. bei Gebühren für vollstationäre, teilstationäre sowie vor- und nachstationäre und privatzahnärztliche Leistungen zusätzlich den Minderungsbetrag nach § 7, 4. bei Entschädigungen nach § 8 den Betrag, die Art der Entschädigung und die Berechnung, 5. bei Ersatz von Auslagen nach § 9 Art, Umfang und Ausführung der einzelnen Leistungen und deren Preise sowie die direkt zurechenbaren Materialien und deren Preise, insbesondere Bezeichnung, Gewicht und Tagespreis der verwendeten Legierungen, 6. bei nach dem Gebührenverzeichnis gesondert berechnungsfähigen Kosten Art, Menge und Preis verwendeter Materialien; die Auslagen sind dem Zahlungspflichtigen auf Verlangen näher zu erläutern.","References: §7, §8, §9",1,370,10,0.0116999999999999,10.0,2.0,"[{'section': '7'}, {'section': '8'}, {'section': '9'}]","Rule 1: The invoice must contain the date of the service provision. This can be checked by verifying the ""DateOfTreatment"" field in each item of the ""Services"" and ""MaterialCosts"" arrays.",1,2097,170,0.07311
§ 10 Fälligkeit und Abrechnung der Vergütung; Rechnung ,(2),"Die Rechnung muss insbesondere enthalten: 1. das Datum der Erbringung der Leistung, 2. bei Gebühren die Nummer und die Bezeichnung der einzelnen berechneten Leistung einschließlich einer verständlichen Bezeichnung des behandelten Zahnes und einer in der Leistungsbeschreibung oder einer Abrechnungsbestimmung gegebenenfalls genannten Mindestdauer sowie den jeweiligen Betrag und den Steigerungssatz, 3. bei Gebühren für vollstationäre, teilstationäre sowie vor- und nachstationäre und privatzahnärztliche Leistungen zusätzlich den Minderungsbetrag nach § 7, 4. bei Entschädigungen nach § 8 den Betrag, die Art der Entschädigung und die Berechnung, 5. bei Ersatz von Auslagen nach § 9 Art, Umfang und Ausführung der einzelnen Leistungen und deren Preise sowie die direkt zurechenbaren Materialien und deren Preise, insbesondere Bezeichnung, Gewicht und Tagespreis der verwendeten Legierungen, 6. bei nach dem Gebührenverzeichnis gesondert berechnungsfähigen Kosten Art, Menge und Preis verwendeter Materialien; die Auslagen sind dem Zahlungspflichtigen auf Verlangen näher zu erläutern.","References: §7, §8, §9",1,370,10,0.0116999999999999,10.0,2.0,"[{'section': '7'}, {'section': '8'}, {'section': '9'}]","Rule 2: For each service, the invoice must contain the number and description of the service, the treated tooth, and the respective amount and multiplier. This can be checked by verifying the ""ServiceNumber"", ""Description"", ""Tooth"", ""Charge"", and ""Multiplier"" fields in each item of the ""Services"" array.",1,2097,170,0.07311
§ 10 Fälligkeit und Abrechnung der Vergütung; Rechnung ,(2),"Die Rechnung muss insbesondere enthalten: 1. das Datum der Erbringung der Leistung, 2. bei Gebühren die Nummer und die Bezeichnung der einzelnen berechneten Leistung einschließlich einer verständlichen Bezeichnung des behandelten Zahnes und einer in der Leistungsbeschreibung oder einer Abrechnungsbestimmung gegebenenfalls genannten Mindestdauer sowie den jeweiligen Betrag und den Steigerungssatz, 3. bei Gebühren für vollstationäre, teilstationäre sowie vor- und nachstationäre und privatzahnärztliche Leistungen zusätzlich den Minderungsbetrag nach § 7, 4. bei Entschädigungen nach § 8 den Betrag, die Art der Entschädigung und die Berechnung, 5. bei Ersatz von Auslagen nach § 9 Art, Umfang und Ausführung der einzelnen Leistungen und deren Preise sowie die direkt zurechenbaren Materialien und deren Preise, insbesondere Bezeichnung, Gewicht und Tagespreis der verwendeten Legierungen, 6. bei nach dem Gebührenverzeichnis gesondert berechnungsfähigen Kosten Art, Menge und Preis verwendeter Materialien; die Auslagen sind dem Zahlungspflichtigen auf Verlangen näher zu erläutern.","References: §7, §8, §9",1,370,10,0.0116999999999999,10.0,2.0,"[{'section': '7'}, {'section': '8'}, {'section': '9'}]","Rule 3: For each material cost, the invoice must contain the type, quantity, and price of the used materials. This can be checked by verifying the ""Description"", ""Count"", and ""Charge"" fields in each item of the ""MaterialCosts"" array.",1,2097,170,0.07311
§ 10 Fälligkeit und Abrechnung der Vergütung; Rechnung ,(2),"Die Rechnung muss insbesondere enthalten: 1. das Datum der Erbringung der Leistung, 2. bei Gebühren die Nummer und die Bezeichnung der einzelnen berechneten Leistung einschließlich einer verständlichen Bezeichnung des behandelten Zahnes und einer in der Leistungsbeschreibung oder einer Abrechnungsbestimmung gegebenenfalls genannten Mindestdauer sowie den jeweiligen Betrag und den Steigerungssatz, 3. bei Gebühren für vollstationäre, teilstationäre sowie vor- und nachstationäre und privatzahnärztliche Leistungen zusätzlich den Minderungsbetrag nach § 7, 4. bei Entschädigungen nach § 8 den Betrag, die Art der Entschädigung und die Berechnung, 5. bei Ersatz von Auslagen nach § 9 Art, Umfang und Ausführung der einzelnen Leistungen und deren Preise sowie die direkt zurechenbaren Materialien und deren Preise, insbesondere Bezeichnung, Gewicht und Tagespreis der verwendeten Legierungen, 6. bei nach dem Gebührenverzeichnis gesondert berechnungsfähigen Kosten Art, Menge und Preis verwendeter Materialien; die Auslagen sind dem Zahlungspflichtigen auf Verlangen näher zu erläutern.","References: §7, §8, §9",1,370,10,0.0116999999999999,10.0,2.0,"[{'section': '7'}, {'section': '8'}, {'section': '9'}]",,1,2097,170,0.07311
§ 10 Fälligkeit und Abrechnung der Vergütung; Rechnung ,(3),"Überschreitet die berechnete Gebühr nach Absatz 2 Nummer 2 das 2,3fache des Gebührensatzes, ist dies auf die einzelne Leistung bezogen für den Zahlungspflichtigen verständlich und nachvollziehbar schriftlich zu begründen. Auf Verlangen ist die Begründung näher zu erläutern. Soweit im Fall einer abweichenden Vereinbarung nach § 2 auch ohne die getroffene Vereinbarung ein Überschreiten der in Satz 1 genannten Steigerungssätze gerechtfertigt gewesen wäre, ist das Überschreiten auf Verlangen des Zahlungspflichtigen schriftlich zu begründen; die Sätze 1 und 2 gelten entsprechend. Die Bezeichnung der Leistung nach Absatz 2 Nr. 2 kann entfallen, wenn der Rechnung eine Zusammenstellung beigefügt ist, der die Bezeichnung für die abgerechnete Leistungsnummer entnommen werden kann. Bei Auslagen nach Absatz 2 Nr. 5 ist der Beleg oder ein sonstiger Nachweis beizufügen. Wurden zahntechnische Leistungen in Auftrag gegeben, ist eine den Erfordernissen des Absatzes 2 Nr. 5 entsprechende Rechnung des Dentallabors beizufügen; insoweit genügt es, in der Rechnung des Zahnarztes den Gesamtbetrag für diese Leistungen anzugeben. Leistungen, die auf Verlangen erbracht worden sind (§ 1 Abs. 2 Satz 2 und § 2 Abs. 3) sind als solche zu bezeichnen.","References: §2, §1 Abs. 2 Satz 2, §2 Abs. 3",1,454,22,0.01494,10.0,3.0,"[{'section': '2'}, {'section': '1', 'paragraph': '2', 'sentence': '2'}, {'section': '2', 'paragraph': '3'}]","Rule 1: If the calculated fee exceeds 2.3 times the fee rate, this must be justified in writing in a manner that is understandable and comprehensible for the person liable to pay. This justification must be related to the individual service provided.",1,1745,289,0.06969
§ 10 Fälligkeit und Abrechnung der Vergütung; Rechnung ,(3),"Überschreitet die berechnete Gebühr nach Absatz 2 Nummer 2 das 2,3fache des Gebührensatzes, ist dies auf die einzelne Leistung bezogen für den Zahlungspflichtigen verständlich und nachvollziehbar schriftlich zu begründen. Auf Verlangen ist die Begründung näher zu erläutern. Soweit im Fall einer abweichenden Vereinbarung nach § 2 auch ohne die getroffene Vereinbarung ein Überschreiten der in Satz 1 genannten Steigerungssätze gerechtfertigt gewesen wäre, ist das Überschreiten auf Verlangen des Zahlungspflichtigen schriftlich zu begründen; die Sätze 1 und 2 gelten entsprechend. Die Bezeichnung der Leistung nach Absatz 2 Nr. 2 kann entfallen, wenn der Rechnung eine Zusammenstellung beigefügt ist, der die Bezeichnung für die abgerechnete Leistungsnummer entnommen werden kann. Bei Auslagen nach Absatz 2 Nr. 5 ist der Beleg oder ein sonstiger Nachweis beizufügen. Wurden zahntechnische Leistungen in Auftrag gegeben, ist eine den Erfordernissen des Absatzes 2 Nr. 5 entsprechende Rechnung des Dentallabors beizufügen; insoweit genügt es, in der Rechnung des Zahnarztes den Gesamtbetrag für diese Leistungen anzugeben. Leistungen, die auf Verlangen erbracht worden sind (§ 1 Abs. 2 Satz 2 und § 2 Abs. 3) sind als solche zu bezeichnen.","References: §2, §1 Abs. 2 Satz 2, §2 Abs. 3",1,454,22,0.01494,10.0,3.0,"[{'section': '2'}, {'section': '1', 'paragraph': '2', 'sentence': '2'}, {'section': '2', 'paragraph': '3'}]","Rule 2: Upon request, the justification for exceeding the fee rate must be explained in more detail.",1,1745,289,0.06969
§ 10 Fälligkeit und Abrechnung der Vergütung; Rechnung ,(3),"Überschreitet die berechnete Gebühr nach Absatz 2 Nummer 2 das 2,3fache des Gebührensatzes, ist dies auf die einzelne Leistung bezogen für den Zahlungspflichtigen verständlich und nachvollziehbar schriftlich zu begründen. Auf Verlangen ist die Begründung näher zu erläutern. Soweit im Fall einer abweichenden Vereinbarung nach § 2 auch ohne die getroffene Vereinbarung ein Überschreiten der in Satz 1 genannten Steigerungssätze gerechtfertigt gewesen wäre, ist das Überschreiten auf Verlangen des Zahlungspflichtigen schriftlich zu begründen; die Sätze 1 und 2 gelten entsprechend. Die Bezeichnung der Leistung nach Absatz 2 Nr. 2 kann entfallen, wenn der Rechnung eine Zusammenstellung beigefügt ist, der die Bezeichnung für die abgerechnete Leistungsnummer entnommen werden kann. Bei Auslagen nach Absatz 2 Nr. 5 ist der Beleg oder ein sonstiger Nachweis beizufügen. Wurden zahntechnische Leistungen in Auftrag gegeben, ist eine den Erfordernissen des Absatzes 2 Nr. 5 entsprechende Rechnung des Dentallabors beizufügen; insoweit genügt es, in der Rechnung des Zahnarztes den Gesamtbetrag für diese Leistungen anzugeben. Leistungen, die auf Verlangen erbracht worden sind (§ 1 Abs. 2 Satz 2 und § 2 Abs. 3) sind als solche zu bezeichnen.","References: §2, §1 Abs. 2 Satz 2, §2 Abs. 3",1,454,22,0.01494,10.0,3.0,"[{'section': '2'}, {'section': '1', 'paragraph': '2', 'sentence': '2'}, {'section': '2', 'paragraph': '3'}]","Rule 3: In the case of an agreement deviating from § 2, if exceeding the increase rates mentioned in sentence 1 would have been justified even without the agreement made, this exceeding must be justified in writing upon request of the person liable to pay.",1,1745,289,0.06969
§ 10 Fälligkeit und Abrechnung der Vergütung; Rechnung ,(3),"Überschreitet die berechnete Gebühr nach Absatz 2 Nummer 2 das 2,3fache des Gebührensatzes, ist dies auf die einzelne Leistung bezogen für den Zahlungspflichtigen verständlich und nachvollziehbar schriftlich zu begründen. Auf Verlangen ist die Begründung näher zu erläutern. Soweit im Fall einer abweichenden Vereinbarung nach § 2 auch ohne die getroffene Vereinbarung ein Überschreiten der in Satz 1 genannten Steigerungssätze gerechtfertigt gewesen wäre, ist das Überschreiten auf Verlangen des Zahlungspflichtigen schriftlich zu begründen; die Sätze 1 und 2 gelten entsprechend. Die Bezeichnung der Leistung nach Absatz 2 Nr. 2 kann entfallen, wenn der Rechnung eine Zusammenstellung beigefügt ist, der die Bezeichnung für die abgerechnete Leistungsnummer entnommen werden kann. Bei Auslagen nach Absatz 2 Nr. 5 ist der Beleg oder ein sonstiger Nachweis beizufügen. Wurden zahntechnische Leistungen in Auftrag gegeben, ist eine den Erfordernissen des Absatzes 2 Nr. 5 entsprechende Rechnung des Dentallabors beizufügen; insoweit genügt es, in der Rechnung des Zahnarztes den Gesamtbetrag für diese Leistungen anzugeben. Leistungen, die auf Verlangen erbracht worden sind (§ 1 Abs. 2 Satz 2 und § 2 Abs. 3) sind als solche zu bezeichnen.","References: §2, §1 Abs. 2 Satz 2, §2 Abs. 3",1,454,22,0.01494,10.0,3.0,"[{'section': '2'}, {'section': '1', 'paragraph': '2', 'sentence': '2'}, {'section': '2', 'paragraph': '3'}]",Rule 4: The designation of the service according to paragraph 2 No. 2 can be omitted if the invoice is accompanied by a compilation from which the designation for the billed service number can be taken.,1,1745,289,0.06969
§ 10 Fälligkeit und Abrechnung der Vergütung; Rechnung ,(3),"Überschreitet die berechnete Gebühr nach Absatz 2 Nummer 2 das 2,3fache des Gebührensatzes, ist dies auf die einzelne Leistung bezogen für den Zahlungspflichtigen verständlich und nachvollziehbar schriftlich zu begründen. Auf Verlangen ist die Begründung näher zu erläutern. Soweit im Fall einer abweichenden Vereinbarung nach § 2 auch ohne die getroffene Vereinbarung ein Überschreiten der in Satz 1 genannten Steigerungssätze gerechtfertigt gewesen wäre, ist das Überschreiten auf Verlangen des Zahlungspflichtigen schriftlich zu begründen; die Sätze 1 und 2 gelten entsprechend. Die Bezeichnung der Leistung nach Absatz 2 Nr. 2 kann entfallen, wenn der Rechnung eine Zusammenstellung beigefügt ist, der die Bezeichnung für die abgerechnete Leistungsnummer entnommen werden kann. Bei Auslagen nach Absatz 2 Nr. 5 ist der Beleg oder ein sonstiger Nachweis beizufügen. Wurden zahntechnische Leistungen in Auftrag gegeben, ist eine den Erfordernissen des Absatzes 2 Nr. 5 entsprechende Rechnung des Dentallabors beizufügen; insoweit genügt es, in der Rechnung des Zahnarztes den Gesamtbetrag für diese Leistungen anzugeben. Leistungen, die auf Verlangen erbracht worden sind (§ 1 Abs. 2 Satz 2 und § 2 Abs. 3) sind als solche zu bezeichnen.","References: §2, §1 Abs. 2 Satz 2, §2 Abs. 3",1,454,22,0.01494,10.0,3.0,"[{'section': '2'}, {'section': '1', 'paragraph': '2', 'sentence': '2'}, {'section': '2', 'paragraph': '3'}]","Rule 5: For expenses according to paragraph 2 No. 5, the receipt or other proof must be attached.",1,1745,289,0.06969
§ 10 Fälligkeit und Abrechnung der Vergütung; Rechnung ,(3),"Überschreitet die berechnete Gebühr nach Absatz 2 Nummer 2 das 2,3fache des Gebührensatzes, ist dies auf die einzelne Leistung bezogen für den Zahlungspflichtigen verständlich und nachvollziehbar schriftlich zu begründen. Auf Verlangen ist die Begründung näher zu erläutern. Soweit im Fall einer abweichenden Vereinbarung nach § 2 auch ohne die getroffene Vereinbarung ein Überschreiten der in Satz 1 genannten Steigerungssätze gerechtfertigt gewesen wäre, ist das Überschreiten auf Verlangen des Zahlungspflichtigen schriftlich zu begründen; die Sätze 1 und 2 gelten entsprechend. Die Bezeichnung der Leistung nach Absatz 2 Nr. 2 kann entfallen, wenn der Rechnung eine Zusammenstellung beigefügt ist, der die Bezeichnung für die abgerechnete Leistungsnummer entnommen werden kann. Bei Auslagen nach Absatz 2 Nr. 5 ist der Beleg oder ein sonstiger Nachweis beizufügen. Wurden zahntechnische Leistungen in Auftrag gegeben, ist eine den Erfordernissen des Absatzes 2 Nr. 5 entsprechende Rechnung des Dentallabors beizufügen; insoweit genügt es, in der Rechnung des Zahnarztes den Gesamtbetrag für diese Leistungen anzugeben. Leistungen, die auf Verlangen erbracht worden sind (§ 1 Abs. 2 Satz 2 und § 2 Abs. 3) sind als solche zu bezeichnen.","References: §2, §1 Abs. 2 Satz 2, §2 Abs. 3",1,454,22,0.01494,10.0,3.0,"[{'section': '2'}, {'section': '1', 'paragraph': '2', 'sentence': '2'}, {'section': '2', 'paragraph': '3'}]","Rule 6: If dental technical services have been commissioned, an invoice from the dental laboratory corresponding to the requirements of paragraph 2 No. 5 must be attached; in this respect, it is sufficient to indicate the total amount for these services in the dentist's invoice.",1,1745,289,0.06969
§ 10 Fälligkeit und Abrechnung der Vergütung; Rechnung ,(3),"Überschreitet die berechnete Gebühr nach Absatz 2 Nummer 2 das 2,3fache des Gebührensatzes, ist dies auf die einzelne Leistung bezogen für den Zahlungspflichtigen verständlich und nachvollziehbar schriftlich zu begründen. Auf Verlangen ist die Begründung näher zu erläutern. Soweit im Fall einer abweichenden Vereinbarung nach § 2 auch ohne die getroffene Vereinbarung ein Überschreiten der in Satz 1 genannten Steigerungssätze gerechtfertigt gewesen wäre, ist das Überschreiten auf Verlangen des Zahlungspflichtigen schriftlich zu begründen; die Sätze 1 und 2 gelten entsprechend. Die Bezeichnung der Leistung nach Absatz 2 Nr. 2 kann entfallen, wenn der Rechnung eine Zusammenstellung beigefügt ist, der die Bezeichnung für die abgerechnete Leistungsnummer entnommen werden kann. Bei Auslagen nach Absatz 2 Nr. 5 ist der Beleg oder ein sonstiger Nachweis beizufügen. Wurden zahntechnische Leistungen in Auftrag gegeben, ist eine den Erfordernissen des Absatzes 2 Nr. 5 entsprechende Rechnung des Dentallabors beizufügen; insoweit genügt es, in der Rechnung des Zahnarztes den Gesamtbetrag für diese Leistungen anzugeben. Leistungen, die auf Verlangen erbracht worden sind (§ 1 Abs. 2 Satz 2 und § 2 Abs. 3) sind als solche zu bezeichnen.","References: §2, §1 Abs. 2 Satz 2, §2 Abs. 3",1,454,22,0.01494,10.0,3.0,"[{'section': '2'}, {'section': '1', 'paragraph': '2', 'sentence': '2'}, {'section': '2', 'paragraph': '3'}]",Rule 7: Services that have been provided upon request (§ 1 paragraph 2 sentence 2 and § 2 paragraph 3) must be designated as such.,1,1745,289,0.06969
§ 10 Fälligkeit und Abrechnung der Vergütung; Rechnung ,(4),"Wird eine Leistung nach § 6 Absatz 1 berechnet, ist die entsprechend bewertete Leistung für den Zahlungspflichtigen verständlich zu beschreiben und mit dem Hinweis ""entsprechend"" sowie der Nummer und der Bezeichnung der als gleichwertig erachteten Leistung zu versehen.",References: §6 (1),1,132,7,0.00438,10.0,4.0,"[{'section': '6', 'paragraph': '1'}]","Rule 1: If a service is charged according to § 6 paragraph 1, the service must be described in a way that is understandable for the person liable to pay. This can be checked by verifying that the ""Description"" field for each service in the ""Services"" array is not empty.",1,863,186,0.03705
§ 10 Fälligkeit und Abrechnung der Vergütung; Rechnung ,(4),"Wird eine Leistung nach § 6 Absatz 1 berechnet, ist die entsprechend bewertete Leistung für den Zahlungspflichtigen verständlich zu beschreiben und mit dem Hinweis ""entsprechend"" sowie der Nummer und der Bezeichnung der als gleichwertig erachteten Leistung zu versehen.",References: §6 (1),1,132,7,0.00438,10.0,4.0,"[{'section': '6', 'paragraph': '1'}]","Rule 2: If a service is charged according to § 6 paragraph 1, the service must be marked with the note ""corresponding"". This can be checked by verifying that the ""Justification"" field for each service in the ""Services"" array contains the word ""corresponding"".",1,863,186,0.03705
§ 10 Fälligkeit und Abrechnung der Vergütung; Rechnung ,(4),"Wird eine Leistung nach § 6 Absatz 1 berechnet, ist die entsprechend bewertete Leistung für den Zahlungspflichtigen verständlich zu beschreiben und mit dem Hinweis ""entsprechend"" sowie der Nummer und der Bezeichnung der als gleichwertig erachteten Leistung zu versehen.",References: §6 (1),1,132,7,0.00438,10.0,4.0,"[{'section': '6', 'paragraph': '1'}]","Rule 3: If a service is charged according to § 6 paragraph 1, the service must be marked with the number and the designation of the service considered equivalent. This can be checked by verifying that the ""ServiceNumber"" field for each service in the ""Services"" array is not empty.",1,863,186,0.03705
§ 10 Fälligkeit und Abrechnung der Vergütung; Rechnung ,(5),Durch Vereinbarung mit öffentlich-rechtlichen Kostenträgern kann eine von den Vorschriften der Absätze 1 bis 4 abweichende Regelung getroffen werden.,References: Absätze 1 bis 4,1,105,9,0.0036899999999999,10.0,5.0,,,1,647,5,0.019710000000000002
§ 10 Fälligkeit und Abrechnung der Vergütung; Rechnung ,(6),"Die Übermittlung von Daten an einen Dritten zum Zwecke der Abrechnung ist nur zulässig, wenn der Betroffene gegenüber dem Zahnarzt in die Übermittlung der für die Abrechnung erforderlichen Daten schriftlich eingewilligt und den Zahnarzt insoweit schriftlich von seiner Schweigepflicht entbunden hat.",The text does not mention any references to other paragraphs.,1,145,11,0.00501,10.0,6.0,,,1,687,5,0.02091
§ 11 Übergangsvorschrift ,,"Die Gebührenordnung für Zahnärzte in der vor dem 1. Januar 2012 geltenden Fassung gilt weiter für 1. Leistungen, die vor dem Inkrafttreten der Verordnung vom 5. Dezember 2011 (BGBl. I S. 2661) erbracht worden sind, 2. vor dem Inkrafttreten der Verordnung vom  5. Dezember 2011 (BGBl I S. 2661) begonnene Leistungen nach den Nummern 215 bis 222, 500 bis 523 und 531 bis 534 des Gebührenverzeichnisses der Gebührenordnung für Zahnärzte in der vor dem 1. Januar 2012 geltenden Fassung, wenn sie erst nach Inkrafttreten der Verordnung vom  5. Dezember 2011 (BGBl I S. 2661) beendet werden, 3. Leistungen des Gebührenverzeichnisses der Gebührenordnung für Zahnärzte in der vor dem 1. Januar 2012 geltenden Fassung, die auf Grund einer vor dem Inkrafttreten der Verordnung vom  5. Dezember 2011 (BGBl I S. 2661) geplanten und begonnenen kieferorthopädischen Behandlung bis zum Behandlungsabschluss, längstens jedoch bis zum Ablauf von vier Jahren nach Inkrafttreten dieser Verordnung, erbracht werden.",The text does not mention any references to other paragraphs.,1,400,11,0.01266,11.0,,,"Rule 1: Services that were provided before the enactment of the regulation from December 5, 2011 (BGBl. I S. 2661) should be billed according to the fee schedule for dentists in the version valid before January 1, 2012.",1,942,248,0.04314
§ 11 Übergangsvorschrift ,,"Die Gebührenordnung für Zahnärzte in der vor dem 1. Januar 2012 geltenden Fassung gilt weiter für 1. Leistungen, die vor dem Inkrafttreten der Verordnung vom 5. Dezember 2011 (BGBl. I S. 2661) erbracht worden sind, 2. vor dem Inkrafttreten der Verordnung vom  5. Dezember 2011 (BGBl I S. 2661) begonnene Leistungen nach den Nummern 215 bis 222, 500 bis 523 und 531 bis 534 des Gebührenverzeichnisses der Gebührenordnung für Zahnärzte in der vor dem 1. Januar 2012 geltenden Fassung, wenn sie erst nach Inkrafttreten der Verordnung vom  5. Dezember 2011 (BGBl I S. 2661) beendet werden, 3. Leistungen des Gebührenverzeichnisses der Gebührenordnung für Zahnärzte in der vor dem 1. Januar 2012 geltenden Fassung, die auf Grund einer vor dem Inkrafttreten der Verordnung vom  5. Dezember 2011 (BGBl I S. 2661) geplanten und begonnenen kieferorthopädischen Behandlung bis zum Behandlungsabschluss, längstens jedoch bis zum Ablauf von vier Jahren nach Inkrafttreten dieser Verordnung, erbracht werden.",The text does not mention any references to other paragraphs.,1,400,11,0.01266,11.0,,,"Rule 2: Services that began before the enactment of the regulation from December 5, 2011 (BGBl. I S. 2661) and are listed under numbers 215 to 222, 500 to 523, and 531 to 534 in the fee schedule for dentists in the version valid before January 1, 2012, should be billed according to this old fee schedule if they were only completed after the enactment of the regulation from December 5, 2011.",1,942,248,0.04314
§ 11 Übergangsvorschrift ,,"Die Gebührenordnung für Zahnärzte in der vor dem 1. Januar 2012 geltenden Fassung gilt weiter für 1. Leistungen, die vor dem Inkrafttreten der Verordnung vom 5. Dezember 2011 (BGBl. I S. 2661) erbracht worden sind, 2. vor dem Inkrafttreten der Verordnung vom  5. Dezember 2011 (BGBl I S. 2661) begonnene Leistungen nach den Nummern 215 bis 222, 500 bis 523 und 531 bis 534 des Gebührenverzeichnisses der Gebührenordnung für Zahnärzte in der vor dem 1. Januar 2012 geltenden Fassung, wenn sie erst nach Inkrafttreten der Verordnung vom  5. Dezember 2011 (BGBl I S. 2661) beendet werden, 3. Leistungen des Gebührenverzeichnisses der Gebührenordnung für Zahnärzte in der vor dem 1. Januar 2012 geltenden Fassung, die auf Grund einer vor dem Inkrafttreten der Verordnung vom  5. Dezember 2011 (BGBl I S. 2661) geplanten und begonnenen kieferorthopädischen Behandlung bis zum Behandlungsabschluss, längstens jedoch bis zum Ablauf von vier Jahren nach Inkrafttreten dieser Verordnung, erbracht werden.",The text does not mention any references to other paragraphs.,1,400,11,0.01266,11.0,,,"Rule 3: Services from the fee schedule for dentists in the version valid before January 1, 2012, which are part of an orthodontic treatment that was planned and started before the enactment of the regulation from December 5, 2011, should be billed according to this old fee schedule until the end of the treatment, but at the latest until four years after the enactment of this regulation.",1,942,248,0.04314
§ 12 Überprüfung ,,Die Bundesregierung prüft die Auswirkungen der Neustrukturierung und Obewertung der Leistungen der Gebührenordnung für Zahnärzte. Sie berichtet dem Bundesrat bis spätestens Mitte des Jahres 2015 über das Ergebnis der Prüfung und die tragenden Gründe.,The text does not mention any references to other paragraphs.,1,130,11,0.00456,12.0,,,,1,672,5,0.020460000000000002
