section,subsection,content,reference,section_number,paragraph_number,parsed_references,rule
,,"Erste Verordnung zur Änderung der Gebührenordnung für Zahnärzte Vom 5. Dezember 2011 Auf Grund des § 15 des Gesetzes über die Ausübung der Zahnheilkunde in der Fassung der Bekanntmachung vom 16. April 1987 (BGBl. I S. 1225) verordnet die Bundesregierung: Artikel 1 Änderung der Gebührenordnung für Zahnärzte Die Gebührenordnung für Zahnärzte vom 22. Oktober 1987 (BGBl. I S. 2316), die zuletzt durch Artikel 18 des Gesetzes vom 4. Dezember 2001 (BGBl. I S. 3320) geändert worden ist, wird wie folgt geändert:",References: § 15,,,[{'section': '15'}],
§ 1 Anwendungsbereich ,(1),"Die Vergütungen für die beruflichen Leistungen der Zahnärzte bestimmen sich nach dieser Verordnung, soweit nicht durch Bundesgesetz etwas anderes bestimmt ist.",The text does not mention any references to other paragraphs.,1.0,1.0,,
§ 1 Anwendungsbereich ,(2),"Vergütungen darf der Zahnarzt nur für Leistungen berechnen, die nach den Regeln der zahnärztlichen Kunst für eine zahnmedizinisch notwendige zahnärztliche Versorgung erforderlich sind. Leistungen, die über das Maß einer zahnmedizinisch notwendigen zahnärztlichen Versorgung hinausgehen, darf er nur berechnen, wenn sie auf Verlangen des Zahlungspflichtigen erbracht worden sind.",The text does not mention any references to other paragraphs.,1.0,2.0,,
§ 2 Abweichende Vereinbarung ,(1),Durch Vereinbarung zwischen Zahnarzt und Zahlungspflichtigem kann eine von dieser Verordnung abweichende Gebührenhöhe festgelegt werden. Die Vereinbarung einer abweichenden Punktzahl (§ 5 Absatz 1 Satz 2) oder eines abweichenden Punktwertes (§ 5 Absatz 1 Satz 3) ist nicht zulässig. Notfall- und akute Schmerzbehandlungen dürfen nicht von einer Vereinbarung nach Satz 1 abhängig gemacht werden.,References: §5 (1),2.0,1.0,"[{'section': '5', 'paragraph': '1'}]",Durch Vereinbarung zwischen Zahnarzt und Zahlungspflichtigem kann eine von dieser Verordnung abweichende Gebührenhöhe festgelegt werden.
§ 2 Abweichende Vereinbarung ,(1),Durch Vereinbarung zwischen Zahnarzt und Zahlungspflichtigem kann eine von dieser Verordnung abweichende Gebührenhöhe festgelegt werden. Die Vereinbarung einer abweichenden Punktzahl (§ 5 Absatz 1 Satz 2) oder eines abweichenden Punktwertes (§ 5 Absatz 1 Satz 3) ist nicht zulässig. Notfall- und akute Schmerzbehandlungen dürfen nicht von einer Vereinbarung nach Satz 1 abhängig gemacht werden.,References: §5 (1),2.0,1.0,"[{'section': '5', 'paragraph': '1'}]",Die Vereinbarung einer abweichenden Punktzahl (§ 5 Absatz 1 Satz 2) oder eines abweichenden Punktwertes (§ 5 Absatz 1 Satz 3) ist nicht zulässig.
§ 2 Abweichende Vereinbarung ,(1),Durch Vereinbarung zwischen Zahnarzt und Zahlungspflichtigem kann eine von dieser Verordnung abweichende Gebührenhöhe festgelegt werden. Die Vereinbarung einer abweichenden Punktzahl (§ 5 Absatz 1 Satz 2) oder eines abweichenden Punktwertes (§ 5 Absatz 1 Satz 3) ist nicht zulässig. Notfall- und akute Schmerzbehandlungen dürfen nicht von einer Vereinbarung nach Satz 1 abhängig gemacht werden.,References: §5 (1),2.0,1.0,"[{'section': '5', 'paragraph': '1'}]",Notfall- und akute Schmerzbehandlungen dürfen nicht von einer Vereinbarung nach Satz 1 abhängig gemacht werden.
§ 2 Abweichende Vereinbarung ,(2),"Eine Vereinbarung nach Absatz 1 Satz 1 ist nach persönlicher Absprache im Einzelfall zwischen Zahnarzt und Zahlungspflichtigem vor Erbringung der Leistung des Zahnarztes schriftlich zu treffen. Dieses muss neben der Nummer und der Bezeichnung der Leistung, dem vereinbarten Steigerungssatz und dem sich daraus ergebenden Betrag auch die Feststellung enthalten, dass eine Erstattung der Vergütung durch Erstattungsstellen möglicherweise nicht in vollem Umfang gewährleistet ist. Weitere Erklärungen darf die Vereinbarung nicht enthalten. Der Zahnarzt hat dem Zahlungspflichtigen einen Abdruck der Vereinbarung auszuhändigen.",The text does not contain any references to other paragraphs.,2.0,2.0,,Eine Vereinbarung nach Absatz 1 Satz 1 ist nach persönlicher Absprache im Einzelfall zwischen Zahnarzt und Zahlungspflichtigem vor Erbringung der Leistung des Zahnarztes schriftlich zu treffen.
§ 2 Abweichende Vereinbarung ,(2),"Eine Vereinbarung nach Absatz 1 Satz 1 ist nach persönlicher Absprache im Einzelfall zwischen Zahnarzt und Zahlungspflichtigem vor Erbringung der Leistung des Zahnarztes schriftlich zu treffen. Dieses muss neben der Nummer und der Bezeichnung der Leistung, dem vereinbarten Steigerungssatz und dem sich daraus ergebenden Betrag auch die Feststellung enthalten, dass eine Erstattung der Vergütung durch Erstattungsstellen möglicherweise nicht in vollem Umfang gewährleistet ist. Weitere Erklärungen darf die Vereinbarung nicht enthalten. Der Zahnarzt hat dem Zahlungspflichtigen einen Abdruck der Vereinbarung auszuhändigen.",The text does not contain any references to other paragraphs.,2.0,2.0,,"Dieses muss neben der Nummer und der Bezeichnung der Leistung, dem vereinbarten Steigerungssatz und dem sich daraus ergebenden Betrag auch die Feststellung enthalten, dass eine Erstattung der Vergütung durch Erstattungsstellen möglicherweise nicht in vollem Umfang gewährleistet ist."
§ 2 Abweichende Vereinbarung ,(2),"Eine Vereinbarung nach Absatz 1 Satz 1 ist nach persönlicher Absprache im Einzelfall zwischen Zahnarzt und Zahlungspflichtigem vor Erbringung der Leistung des Zahnarztes schriftlich zu treffen. Dieses muss neben der Nummer und der Bezeichnung der Leistung, dem vereinbarten Steigerungssatz und dem sich daraus ergebenden Betrag auch die Feststellung enthalten, dass eine Erstattung der Vergütung durch Erstattungsstellen möglicherweise nicht in vollem Umfang gewährleistet ist. Weitere Erklärungen darf die Vereinbarung nicht enthalten. Der Zahnarzt hat dem Zahlungspflichtigen einen Abdruck der Vereinbarung auszuhändigen.",The text does not contain any references to other paragraphs.,2.0,2.0,,Weitere Erklärungen darf die Vereinbarung nicht enthalten.
§ 2 Abweichende Vereinbarung ,(2),"Eine Vereinbarung nach Absatz 1 Satz 1 ist nach persönlicher Absprache im Einzelfall zwischen Zahnarzt und Zahlungspflichtigem vor Erbringung der Leistung des Zahnarztes schriftlich zu treffen. Dieses muss neben der Nummer und der Bezeichnung der Leistung, dem vereinbarten Steigerungssatz und dem sich daraus ergebenden Betrag auch die Feststellung enthalten, dass eine Erstattung der Vergütung durch Erstattungsstellen möglicherweise nicht in vollem Umfang gewährleistet ist. Weitere Erklärungen darf die Vereinbarung nicht enthalten. Der Zahnarzt hat dem Zahlungspflichtigen einen Abdruck der Vereinbarung auszuhändigen.",The text does not contain any references to other paragraphs.,2.0,2.0,,Der Zahnarzt hat dem Zahlungspflichtigen einen Abdruck der Vereinbarung auszuhändigen.
§ 2 Abweichende Vereinbarung ,(3),"Leistungen nach § 1 Absatz 2 Satz 2 und ihre Vergütung müssen in einem Heil- und Kostenplan schriftlich vereinbart werden. Der Heil- und Kostenplan muss vor Erbringung der Leistung erstellt werden; er muss die einzelnen Leistungen und Vergütungen sowie die Feststellung enthalten, dass es sich um Leistungen auf Verlangen handelt und eine Erstattung möglicherweise nicht gewährleistet ist. § 6 Absatz 1 bleibt unberührt.","References: §1 Absatz 2 Satz 2, §6 Absatz 1",2.0,3.0,"[{'section': '1', 'paragraph': '2', 'sentence': None}, {'section': '6', 'paragraph': '1', 'sentence': '1'}]",Leistungen nach § 1 Absatz 2 Satz 2 und ihre Vergütung müssen in einem Heil- und Kostenplan schriftlich vereinbart werden.
§ 2 Abweichende Vereinbarung ,(3),"Leistungen nach § 1 Absatz 2 Satz 2 und ihre Vergütung müssen in einem Heil- und Kostenplan schriftlich vereinbart werden. Der Heil- und Kostenplan muss vor Erbringung der Leistung erstellt werden; er muss die einzelnen Leistungen und Vergütungen sowie die Feststellung enthalten, dass es sich um Leistungen auf Verlangen handelt und eine Erstattung möglicherweise nicht gewährleistet ist. § 6 Absatz 1 bleibt unberührt.","References: §1 Absatz 2 Satz 2, §6 Absatz 1",2.0,3.0,"[{'section': '1', 'paragraph': '2', 'sentence': None}, {'section': '6', 'paragraph': '1', 'sentence': '1'}]","Der Heil- und Kostenplan muss vor Erbringung der Leistung erstellt werden; er muss die einzelnen Leistungen und Vergütungen sowie die Feststellung enthalten, dass es sich um Leistungen auf Verlangen handelt und eine Erstattung möglicherweise nicht gewährleistet ist."
§ 2 Abweichende Vereinbarung ,(4),"Bei vollstationären, teilstationären sowie vor- und nachstationären privatzahnärztlichen Leistungen ist eine Vereinbarung nach Absatz 1 Satz 1 nur für vom Wahlzahnarzt persönlich erbrachte Leistungen zulässig.",The text does not mention any references to other paragraphs.,2.0,4.0,,
§ 3 Vergütungen ,,"Als Vergütungen stehen dem Zahnarzt Gebühren, Entschädigungen und Ersatz von Auslagen zu.",The text does not mention any references to other paragraphs.,3.0,,,
§ 4 Gebühren ,(1),Gebühren sind Vergütungen für die im Gebührenverzeichnis (Anlage 1) genannten zahnärztlichen Leistungen.,The text does not mention any references to other paragraphs.,4.0,1.0,,
§ 4 Gebühren ,(2),"Der Zahnarzt kann Gebühren nur für selbstständige zahnärztliche Leistungen berechnen, die er selbst erbracht hat oder die unter seiner Aufsicht nach fachlicher Weisung erbracht wurden (eigene Leistungen). Für eine Leistung, die Bestandteil oder eine besondere Ausführung einer anderen Leistung nach dem Gebührenverzeichnis ist, kann der Zahnarzt eine Gebühr nicht berechnen, wenn er für die andere Leistung eine Gebühr berechnet. Dies gilt auch für die zur Erbringung der im Gebührenverzeichnis aufgeführten operativen Leistungen methodisch notwendigen operativen Einzelschritte. Eine Leistung ist methodisch notwendiger Bestandteil einer anderen Leistung, wenn sie inhaltlich von der Leistungsbeschreibung der anderen Leistung (Zielleistung) umfasst und auch in deren Bewertung berücksichtigt worden ist.",The text does not mention any references to other paragraphs.,4.0,2.0,,"Für eine Leistung, die Bestandteil oder eine besondere Ausführung einer anderen Leistung nach dem Gebührenverzeichnis ist, kann der Zahnarzt eine Gebühr nicht berechnen, wenn er für die andere Leistung eine Gebühr berechnet."
§ 4 Gebühren ,(2),"Der Zahnarzt kann Gebühren nur für selbstständige zahnärztliche Leistungen berechnen, die er selbst erbracht hat oder die unter seiner Aufsicht nach fachlicher Weisung erbracht wurden (eigene Leistungen). Für eine Leistung, die Bestandteil oder eine besondere Ausführung einer anderen Leistung nach dem Gebührenverzeichnis ist, kann der Zahnarzt eine Gebühr nicht berechnen, wenn er für die andere Leistung eine Gebühr berechnet. Dies gilt auch für die zur Erbringung der im Gebührenverzeichnis aufgeführten operativen Leistungen methodisch notwendigen operativen Einzelschritte. Eine Leistung ist methodisch notwendiger Bestandteil einer anderen Leistung, wenn sie inhaltlich von der Leistungsbeschreibung der anderen Leistung (Zielleistung) umfasst und auch in deren Bewertung berücksichtigt worden ist.",The text does not mention any references to other paragraphs.,4.0,2.0,,Dies gilt auch für die zur Erbringung der im Gebührenverzeichnis aufgeführten operativen Leistungen methodisch notwendigen operativen Einzelschritte.
§ 4 Gebühren ,(2),"Der Zahnarzt kann Gebühren nur für selbstständige zahnärztliche Leistungen berechnen, die er selbst erbracht hat oder die unter seiner Aufsicht nach fachlicher Weisung erbracht wurden (eigene Leistungen). Für eine Leistung, die Bestandteil oder eine besondere Ausführung einer anderen Leistung nach dem Gebührenverzeichnis ist, kann der Zahnarzt eine Gebühr nicht berechnen, wenn er für die andere Leistung eine Gebühr berechnet. Dies gilt auch für die zur Erbringung der im Gebührenverzeichnis aufgeführten operativen Leistungen methodisch notwendigen operativen Einzelschritte. Eine Leistung ist methodisch notwendiger Bestandteil einer anderen Leistung, wenn sie inhaltlich von der Leistungsbeschreibung der anderen Leistung (Zielleistung) umfasst und auch in deren Bewertung berücksichtigt worden ist.",The text does not mention any references to other paragraphs.,4.0,2.0,,"Eine Leistung ist methodisch notwendiger Bestandteil einer anderen Leistung, wenn sie inhaltlich von der Leistungsbeschreibung der anderen Leistung (Zielleistung) umfasst und auch in deren Bewertung berücksichtigt worden ist."
§ 4 Gebühren ,(3),"Mit den Gebühren sind die Praxiskosten einschließlich der Kosten für Füllungsmaterial, für den Sprechstundenbedarf, für die Anwendung von Instrumenten und Apparaten sowie für Lagerhaltung abgegolten, soweit nicht im Gebührenverzeichnis etwas anderes bestimmt ist. Hat der Zahnarzt zahnärztliche Leistungen unter Inanspruchnahme Dritter, die nach dieser Verordnung selbst nicht liquidationsberechtigt sind, erbracht, so sind die hierdurch entstandenen Kosten ebenfalls mit der Gebühr abgegolten.",The text does not mention any specific paragraphs for reference.,4.0,3.0,,
§ 4 Gebühren ,(4),"Kosten, die nach Absatz 3 mit den Gebühren abgegolten sind, dürfen nicht gesondert berechnet werden. Eine Abtretung des Vergütungsanspruchs in Höhe solcher Kosten ist gegenüber dem Zahlungspflichtigen unwirksam.",The text does not mention any references to other paragraphs.,4.0,4.0,,
§ 4 Gebühren ,(5),"Sollen Leistungen durch Dritte erbracht werden, die diese dem Zahlungspflichtigen unmittelbar berechnen, so hat der Zahnarzt ihn darüber zu unterrichten.",The text does not mention any references to other paragraphs.,4.0,5.0,,
§ 5 Bemessung der Gebühren für Leistungen des Gebührenverzeichnisses ,(1),"Die Höhe der einzelnen Gebühr bemisst sich nach dem Einfachen bis Dreieinhalbfachen des Gebührensatzes. Gebührensatz ist der Betrag, der sich ergibt, wenn die Punktzahl der einzelnen Leistung des Gebührenverzeichnisses mit dem Punktwert vervielfacht wird. Der Punktwert beträgt 5,62421 Cent. Bei der Bemessung von Gebühren sind sich ergebende Bruchteile eines Cents unter 0,5 abzurunden und Bruchteile von 0,5 und mehr aufzurunden; die Rundung ist erst nach der Multiplikation mit dem Steigerungsfaktor nach Satz 1 vorzunehmen.",The text does not mention any references to other paragraphs.,5.0,1.0,,"Die Höhe der einzelnen Gebühr bemisst sich nach dem Einfachen bis Dreieinhalbfachen (Multiplikator) des Gebührensatzes. Gebührensatz ist der Betrag, der sich ergibt, wenn die Punktzahl der einzelnen Leistung des Gebührenverzeichnisses mit dem Punktwert vervielfacht wird. Der Punktwert beträgt 5,62421 Cent."
§ 5 Bemessung der Gebühren für Leistungen des Gebührenverzeichnisses ,(1),"Die Höhe der einzelnen Gebühr bemisst sich nach dem Einfachen bis Dreieinhalbfachen des Gebührensatzes. Gebührensatz ist der Betrag, der sich ergibt, wenn die Punktzahl der einzelnen Leistung des Gebührenverzeichnisses mit dem Punktwert vervielfacht wird. Der Punktwert beträgt 5,62421 Cent. Bei der Bemessung von Gebühren sind sich ergebende Bruchteile eines Cents unter 0,5 abzurunden und Bruchteile von 0,5 und mehr aufzurunden; die Rundung ist erst nach der Multiplikation mit dem Steigerungsfaktor nach Satz 1 vorzunehmen.",The text does not mention any references to other paragraphs.,5.0,1.0,,"Bei der Bemessung von Gebühren sind sich ergebende Bruchteile eines Cents unter 0,5 abzurunden und Bruchteile von 0,5 und mehr aufzurunden; die Rundung ist erst nach der Multiplikation mit dem Steigerungsfaktor (Multiplikator) nach Satz 1 vorzunehmen."
§ 5 Bemessung der Gebühren für Leistungen des Gebührenverzeichnisses ,(2),"Innerhalb des Gebührenrahmens sind die Gebühren unter Berücksichtigung der Schwierigkeit und des Zeitaufwandes der einzelnen Leistung sowie der Umstände bei der Ausführung nach billigem Ermessen zu bestimmen. Die Schwierigkeit der einzelnen Leistung kann auch durch die Schwierigkeit des Krankheitsfalles begründet sein. Bemessungskriterien, die bereits in der Leistungsbeschreibung berücksichtigt worden sind, haben hierbei außer Betracht zu bleiben. Der 2,3fache Gebührensatz bildet die nach Schwierigkeit und Zeitaufwand durchschnittliche Leistung ab; ein Überschreiten dieses Gebührensatzes ist nur zulässig, wenn Besonderheiten der in Satz 1 genannten Bemessungskriterien dies rechtfertigen; Leistungen mit unterdurchschnittlichem Schwierigkeitsgrad oder Zeitaufwand sind mit einem niedrigeren Gebührensatz zu berechnen.",The text does not mention any references to other paragraphs.,5.0,2.0,,"Der 2,3fache Gebührensatz bildet die nach Schwierigkeit und Zeitaufwand durchschnittliche Leistung ab; ein Überschreiten dieses Gebührensatzes ist nur zulässig, wenn Besonderheiten der in Satz 1 genannten Bemessungskriterien dies rechtfertigen; Leistungen mit unterdurchschnittlichem Schwierigkeitsgrad oder Zeitaufwand sind mit einem niedrigeren Gebührensatz zu berechnen."
§ 6 Gebühren für andere Leistungen ,(1),"Selbstständige zahnärztliche Leistungen, die in das Gebührenverzeichnis nicht aufgenommen sind, können entsprechend einer nach Art, Kosten- und Zeitaufwand gleichwertigen Leistung des Gebührenver zeichnisses dieser Verordnung berechnet werden. Sofern auch eine nach Art, Kosten- und Zeitaufwand gleichwertige Leistung im Gebührenverzeichnis dieser Verordnung nicht enthalten ist, kann die selbstständige zahnärztliche Leistung entsprechend einer nach Art, Kosten- und Zeitaufwand gleichwertigen Leistung der in Absatz 2 genannten Leistungen des Gebührenverzeichnisses der Gebührenordnung für Ärzte berechnet werden.",The text does not mention any specific references to other paragraphs.,6.0,1.0,,
§ 6 Gebühren für andere Leistungen ,(2),"Die Vergütungen sind nach den Vorschriften der Gebührenordnung für Ärzte zu berechnen, soweit die Leistung nicht als selbstständige Leistung oder Teil einer anderen Leistung im Gebührenverzeichnis der Gebührenordnung für Zahnärzte enthalten ist und wenn die Leistungen, die der Zahnarzt erbringt, in den folgenden Abschnitten des Gebührenverzeichnisses der Gebührenordnung für Ärzte aufgeführt sind: 1. B I, B II, B III unter den Nummern 30, 31 und 34, B IV bis B VI, 2. C I unter den Nummern 200, 204, 210 und 211, C II, C III bis C VII, C VIII nur soweit eine zugrunde liegende ambulante operative Leistung berechnet wird, 3. E V und E VI, 4. J, 5. L I, L II unter den Nummern 2072 bis 2074, L III, L V unter den Nummern 2253 bis 2256 im Rahmen der Behandlung von Kieferbrüchen, L VI unter den Nummern 2321, 2355 und 2356 im Rahmen der Behandlung von Kieferbrüchen, L VII, L IX, 6. M unter den Nummern 3511, 3712, 3714, 3715, 4504, 4530, 4538, 4605, 4606 und 4715, 7. N unter der Nummer 4852 sowie 8. O.","References: B I, B II, B III (30, 31, 34), B IV, B V, B VI, C I (200, 204, 210, 211), C II, C III, C IV, C V, C VI, C VII, C VIII, E V, E VI, J, L I, L II (2072, 2073, 2074), L III, L V (2253, 2254, 2255, 2256), L VI (2321, 2355, 2356), L VII, L IX, M (3511, 3712, 3714, 3715, 4504, 4530, 4538, 4605, 4606, 4715), N (4852), O.",6.0,2.0,,
§7 Gebühren bei stationärer Behandlung ,(1),"Bei vollstationären, teilstationären sowie vor- und nachstationären privatzahnärztlichen Leistungen sind die nach dieser Verordnung berechneten Gebühren einschließlich der darauf entfallenden Zuschläge um 25 vom Hundert zu mindern. Abweichend davon beträgt die Minderung für Leistungen und Zuschläge nach Satz 1 von Belegzahnärzten oder niedergelassenen anderen Zahnärzten 15 vom Hundert. Ausgenommen von dieser Minderungspflicht ist der Zuschlag nach Buchstabe J in Abschnitt B V des Gebührenverzeichnisses der Gebührenordnung für Ärzte.",The text does not mention any specific paragraphs for reference.,7.0,1.0,,"Bei vollstationären, teilstationären sowie vor- und nachstationären privatzahnärztlichen Leistungen sind die nach dieser Verordnung berechneten Gebühren einschließlich der darauf entfallenden Zuschläge um 25 vom Hundert zu mindern."
§7 Gebühren bei stationärer Behandlung ,(1),"Bei vollstationären, teilstationären sowie vor- und nachstationären privatzahnärztlichen Leistungen sind die nach dieser Verordnung berechneten Gebühren einschließlich der darauf entfallenden Zuschläge um 25 vom Hundert zu mindern. Abweichend davon beträgt die Minderung für Leistungen und Zuschläge nach Satz 1 von Belegzahnärzten oder niedergelassenen anderen Zahnärzten 15 vom Hundert. Ausgenommen von dieser Minderungspflicht ist der Zuschlag nach Buchstabe J in Abschnitt B V des Gebührenverzeichnisses der Gebührenordnung für Ärzte.",The text does not mention any specific paragraphs for reference.,7.0,1.0,,Abweichend davon beträgt die Minderung für Leistungen und Zuschläge nach Satz 1 von Belegzahnärzten oder niedergelassenen anderen Zahnärzten 15 vom Hundert.
§7 Gebühren bei stationärer Behandlung ,(1),"Bei vollstationären, teilstationären sowie vor- und nachstationären privatzahnärztlichen Leistungen sind die nach dieser Verordnung berechneten Gebühren einschließlich der darauf entfallenden Zuschläge um 25 vom Hundert zu mindern. Abweichend davon beträgt die Minderung für Leistungen und Zuschläge nach Satz 1 von Belegzahnärzten oder niedergelassenen anderen Zahnärzten 15 vom Hundert. Ausgenommen von dieser Minderungspflicht ist der Zuschlag nach Buchstabe J in Abschnitt B V des Gebührenverzeichnisses der Gebührenordnung für Ärzte.",The text does not mention any specific paragraphs for reference.,7.0,1.0,,Ausgenommen von dieser Minderungspflicht ist der Zuschlag nach Buchstabe J in Abschnitt B V des Gebührenverzeichnisses der Gebührenordnung für Ärzte.
§7 Gebühren bei stationärer Behandlung ,(2),Neben den nach Absatz 1 geminderten Gebühren darf der Zahnarzt Kosten nicht berechnen; die §§ 8 und 9 bleiben unberührt.,"References: §8, §9",7.0,2.0,"[{'section': '8'}, {'section': '9'}]","§ 8
Als Entschädigungen für Besuche erhält der Zahnarzt Wegegeld oder Reiseentschädigung; hierdurch sind Zeitversäumnisse und die durch den Besuch bedingten Mehrkosten abgegolten.
Der Zahnarzt kann für jeden Besuch ein Wegegeld berechnen. Das Wegegeld beträgt für einen Besuch innerhalb eines Radius um die Praxisstelle des Zahnarztes von 1. bis zu zwei Kilometern 4,30 Euro, bei Nacht (zwischen 20 und 8 Uhr) 8,60 Euro, 2. mehr als zwei Kilometern bis zu fünf Kilometern 8,00 Euro, bei Nacht 12,30 Euro, 3. mehr als fünf Kilometern bis zu zehn Kilometern 12,30 Euro, bei Nacht 18,40 Euro, 4. mehr als zehn Kilometern bis zu 25 Kilometern 18,40 Euro, bei Nacht 30,70 Euro. Erfolgt der Besuch von der Wohnung des Zahnarztes aus, so tritt bei der Berechnung des Radius die Wohnung des Zahnarztes an die Stelle der Praxisstelle. Werden mehrere Patienten in derselben häuslichen Gemeinschaft oder in einem Heim, insbesondere in einem Alten- oder Pflegeheim besucht, darf der Zahnarzt das Wegegeld unabhängig von der Anzahl der besuchten Patienten und deren Versichertenstatus insgesamt nur einmal und nur anteilig berechnen."
§7 Gebühren bei stationärer Behandlung ,(2),Neben den nach Absatz 1 geminderten Gebühren darf der Zahnarzt Kosten nicht berechnen; die §§ 8 und 9 bleiben unberührt.,"References: §8, §9",7.0,2.0,"[{'section': '8'}, {'section': '9'}]","§ 9
Neben den für die einzelnen zahnärztlichen Leistungen vorgesehenen Gebühren können als Auslagen die dem Zahnarzt tatsächlich entstandenen angemessenen Kosten für zahntechnische Leistungen berechnet werden, soweit diese Kosten nicht nach den Bestimmungen des Gebührenverzeichnisses mit den Gebühren abgegolten sind.
Der Zahnarzt hat dem Zahlungspflichtigen vor der Behandlung einen Kostenvoranschlag des gewerblichen oder des praxiseigenen Labors über die voraussichtlich entstehenden Kosten für zahntechnische Leistungen anzubieten und auf dessen Verlangen in Textform vorzulegen, sofern die Kosten insgesamt voraussichtlich einen Betrag von 1.000 Euro überschreiten. Für Behandlungen, die auf der Grundlage eines Heil- und Kostenplans für einen Behandlungszeitraum von mehr als zwölf Monaten geplant werden, gilt Satz 1 nur, sofern voraussichtlich bereits innerhalb eines Zeitraums von sechs Monaten Kosten von mehr als 1.000 Euro entstehen. Der Kostenvoranschlag muss die voraussichtlichen Gesamtkosten für zahntechnische Leistungen und die dabei verwendeten Materialien angeben. Art, Umfang und Ausführung der einzelnen Leistungen, Berechnungsgrundlage und Herstellungsort der zahntechnischen Leistungen sind dem Zahlungspflichtigen auf Verlangen näher zu erläutern. Ist eine Überschreitung der im Kostenvoranschlag genannten Kosten um mehr als 15 vom Hundert zu erwarten, hat der Zahnarzt den Zahlungspflichtigen hierüber unverzüglich in Textform zu unterrichten."
§ 8 Entschädigungen ,(1),Als Entschädigungen für Besuche erhält der Zahnarzt Wegegeld oder Reiseentschädigung; hierdurch sind Zeitversäumnisse und die durch den Besuch bedingten Mehrkosten abgegolten.,The text does not mention any references to other paragraphs.,8.0,1.0,,
§ 8 Entschädigungen ,(2),"Der Zahnarzt kann für jeden Besuch ein Wegegeld berechnen. Das Wegegeld beträgt für einen Besuch innerhalb eines Radius um die Praxisstelle des Zahnarztes von 1. bis zu zwei Kilometern 4,30 Euro, bei Nacht (zwischen 20 und 8 Uhr) 8,60 Euro, 2. mehr als zwei Kilometern bis zu fünf Kilometern 8,00 Euro, bei Nacht 12,30 Euro, 3. mehr als fünf Kilometern bis zu zehn Kilometern 12,30 Euro, bei Nacht 18,40 Euro, 4. mehr als zehn Kilometern bis zu 25 Kilometern 18,40 Euro, bei Nacht 30,70 Euro. Erfolgt der Besuch von der Wohnung des Zahnarztes aus, so tritt bei der Berechnung des Radius die Wohnung des Zahnarztes an die Stelle der Praxisstelle. Werden mehrere Patienten in derselben häuslichen Gemeinschaft oder in einem Heim, insbesondere in einem Alten- oder Pflegeheim besucht, darf der Zahnarzt das Wegegeld unabhängig von der Anzahl der besuchten Patienten und deren Versichertenstatus insgesamt nur einmal und nur anteilig berechnen.",The text does not mention any references to other paragraphs.,8.0,2.0,,
§ 8 Entschädigungen ,(3),"Bei Besuchen außerhalb eines Radius von 25 Kilometern um die Praxisstelle des Zahnarztes tritt an die Stelle des Wegegeldes eine Reiseentschädigung. Als Reiseentschädigung erhält der Zahnarzt 1. 0,42 Euro für jeden zurückgelegten Kilometer, wenn er einen eigenen Kraftwagen benutzt, bei Benutzung anderer Verkehrsmittel die tatsächlichen Aufwendungen, 2. bei Abwesenheit bis zu acht Stunden 56,00 Euro, bei Abwesenheit von mehr als acht Stunden 112,50 Euro je Tag, 3. Ersatz der Kosten für notwendige Übernachtungen. Absatz 2 Satz 3 und 4 gilt entsprechend.",The text does not contain any references to other paragraphs.,8.0,3.0,,
§ 9 Ersatz von Auslagen für zahntechnische Leistungen ,(1),"Neben den für die einzelnen zahnärztlichen Leistungen vorgesehenen Gebühren können als Auslagen die dem Zahnarzt tatsächlich entstandenen angemessenen Kosten für zahntechnische Leistungen berechnet werden, soweit diese Kosten nicht nach den Bestimmungen des Gebührenverzeichnisses mit den Gebühren abgegolten sind.",The text does not mention any references to other paragraphs.,9.0,1.0,,
§ 9 Ersatz von Auslagen für zahntechnische Leistungen ,(2),"Der Zahnarzt hat dem Zahlungspflichtigen vor der Behandlung einen Kostenvoranschlag des gewerblichen oder des praxiseigenen Labors über die voraussichtlich entstehenden Kosten für zahntechnische Leistungen anzubieten und auf dessen Verlangen in Textform vorzulegen, sofern die Kosten insgesamt voraussichtlich einen Betrag von 1.000 Euro überschreiten. Für Behandlungen, die auf der Grundlage eines Heil- und Kostenplans für einen Behandlungszeitraum von mehr als zwölf Monaten geplant werden, gilt Satz 1 nur, sofern voraussichtlich bereits innerhalb eines Zeitraums von sechs Monaten Kosten von mehr als 1.000 Euro entstehen. Der Kostenvoranschlag muss die voraussichtlichen Gesamtkosten für zahntechnische Leistungen und die dabei verwendeten Materialien angeben. Art, Umfang und Ausführung der einzelnen Leistungen, Berechnungsgrundlage und Herstellungsort der zahntechnischen Leistungen sind dem Zahlungspflichtigen auf Verlangen näher zu erläutern. Ist eine Überschreitung der im Kostenvoranschlag genannten Kosten um mehr als 15 vom Hundert zu erwarten, hat der Zahnarzt den Zahlungspflichtigen hierüber unverzüglich in Textform zu unterrichten.",The text does not contain any references to other paragraphs.,9.0,2.0,,"Ist eine Überschreitung der im Kostenvoranschlag genannten Kosten um mehr als 15 vom Hundert zu erwarten, hat der Zahnarzt den Zahlungspflichtigen hierüber unverzüglich in Textform zu unterrichten."
§ 10 Fälligkeit und Abrechnung der Vergütung; Rechnung ,(1),"Die Vergütung wird fällig, wenn dem Zahlungspflichtigen eine dieser Verordnung entsprechende Rechnung nach der Anlage 2 erteilt worden ist. Künftige Änderungen der Anlage 2 werden durch das Bundesministerium für Gesundheit durch Bekanntmachung veröffentlicht.",The text does not mention any references to other paragraphs.,10.0,1.0,,
§ 10 Fälligkeit und Abrechnung der Vergütung; Rechnung ,(2),"Die Rechnung muss insbesondere enthalten: 1. das Datum der Erbringung der Leistung, 2. bei Gebühren die Nummer und die Bezeichnung der einzelnen berechneten Leistung einschließlich einer verständlichen Bezeichnung des behandelten Zahnes und einer in der Leistungsbeschreibung oder einer Abrechnungsbestimmung gegebenenfalls genannten Mindestdauer sowie den jeweiligen Betrag und den Steigerungssatz, 3. bei Gebühren für vollstationäre, teilstationäre sowie vor- und nachstationäre und privatzahnärztliche Leistungen zusätzlich den Minderungsbetrag nach § 7, 4. bei Entschädigungen nach § 8 den Betrag, die Art der Entschädigung und die Berechnung, 5. bei Ersatz von Auslagen nach § 9 Art, Umfang und Ausführung der einzelnen Leistungen und deren Preise sowie die direkt zurechenbaren Materialien und deren Preise, insbesondere Bezeichnung, Gewicht und Tagespreis der verwendeten Legierungen, 6. bei nach dem Gebührenverzeichnis gesondert berechnungsfähigen Kosten Art, Menge und Preis verwendeter Materialien; die Auslagen sind dem Zahlungspflichtigen auf Verlangen näher zu erläutern.","References: §7, §8, §9",10.0,2.0,"[{'section': '7'}, {'section': '8'}, {'section': '9'}]",Die Rechnung muss insbesondere enthalten: 1. das Datum der Erbringung der Leistung
§ 10 Fälligkeit und Abrechnung der Vergütung; Rechnung ,(2),"Die Rechnung muss insbesondere enthalten: 1. das Datum der Erbringung der Leistung, 2. bei Gebühren die Nummer und die Bezeichnung der einzelnen berechneten Leistung einschließlich einer verständlichen Bezeichnung des behandelten Zahnes und einer in der Leistungsbeschreibung oder einer Abrechnungsbestimmung gegebenenfalls genannten Mindestdauer sowie den jeweiligen Betrag und den Steigerungssatz, 3. bei Gebühren für vollstationäre, teilstationäre sowie vor- und nachstationäre und privatzahnärztliche Leistungen zusätzlich den Minderungsbetrag nach § 7, 4. bei Entschädigungen nach § 8 den Betrag, die Art der Entschädigung und die Berechnung, 5. bei Ersatz von Auslagen nach § 9 Art, Umfang und Ausführung der einzelnen Leistungen und deren Preise sowie die direkt zurechenbaren Materialien und deren Preise, insbesondere Bezeichnung, Gewicht und Tagespreis der verwendeten Legierungen, 6. bei nach dem Gebührenverzeichnis gesondert berechnungsfähigen Kosten Art, Menge und Preis verwendeter Materialien; die Auslagen sind dem Zahlungspflichtigen auf Verlangen näher zu erläutern.","References: §7, §8, §9",10.0,2.0,"[{'section': '7'}, {'section': '8'}, {'section': '9'}]",2. bei Gebühren die Nummer und die Bezeichnung der einzelnen berechneten Leistung einschließlich einer verständlichen Bezeichnung des behandelten Zahnes und einer in der Leistungsbeschreibung oder einer Abrechnungsbestimmung gegebenenfalls genannten Mindestdauer sowie den jeweiligen Betrag und den Steigerungssatz
§ 10 Fälligkeit und Abrechnung der Vergütung; Rechnung ,(2),"Die Rechnung muss insbesondere enthalten: 1. das Datum der Erbringung der Leistung, 2. bei Gebühren die Nummer und die Bezeichnung der einzelnen berechneten Leistung einschließlich einer verständlichen Bezeichnung des behandelten Zahnes und einer in der Leistungsbeschreibung oder einer Abrechnungsbestimmung gegebenenfalls genannten Mindestdauer sowie den jeweiligen Betrag und den Steigerungssatz, 3. bei Gebühren für vollstationäre, teilstationäre sowie vor- und nachstationäre und privatzahnärztliche Leistungen zusätzlich den Minderungsbetrag nach § 7, 4. bei Entschädigungen nach § 8 den Betrag, die Art der Entschädigung und die Berechnung, 5. bei Ersatz von Auslagen nach § 9 Art, Umfang und Ausführung der einzelnen Leistungen und deren Preise sowie die direkt zurechenbaren Materialien und deren Preise, insbesondere Bezeichnung, Gewicht und Tagespreis der verwendeten Legierungen, 6. bei nach dem Gebührenverzeichnis gesondert berechnungsfähigen Kosten Art, Menge und Preis verwendeter Materialien; die Auslagen sind dem Zahlungspflichtigen auf Verlangen näher zu erläutern.","References: §7, §8, §9",10.0,2.0,"[{'section': '7'}, {'section': '8'}, {'section': '9'}]","3. bei Gebühren für vollstationäre, teilstationäre sowie vor- und nachstationäre und privatzahnärztliche Leistungen zusätzlich den Minderungsbetrag nach § 7"
§ 10 Fälligkeit und Abrechnung der Vergütung; Rechnung ,(2),"Die Rechnung muss insbesondere enthalten: 1. das Datum der Erbringung der Leistung, 2. bei Gebühren die Nummer und die Bezeichnung der einzelnen berechneten Leistung einschließlich einer verständlichen Bezeichnung des behandelten Zahnes und einer in der Leistungsbeschreibung oder einer Abrechnungsbestimmung gegebenenfalls genannten Mindestdauer sowie den jeweiligen Betrag und den Steigerungssatz, 3. bei Gebühren für vollstationäre, teilstationäre sowie vor- und nachstationäre und privatzahnärztliche Leistungen zusätzlich den Minderungsbetrag nach § 7, 4. bei Entschädigungen nach § 8 den Betrag, die Art der Entschädigung und die Berechnung, 5. bei Ersatz von Auslagen nach § 9 Art, Umfang und Ausführung der einzelnen Leistungen und deren Preise sowie die direkt zurechenbaren Materialien und deren Preise, insbesondere Bezeichnung, Gewicht und Tagespreis der verwendeten Legierungen, 6. bei nach dem Gebührenverzeichnis gesondert berechnungsfähigen Kosten Art, Menge und Preis verwendeter Materialien; die Auslagen sind dem Zahlungspflichtigen auf Verlangen näher zu erläutern.","References: §7, §8, §9",10.0,2.0,"[{'section': '7'}, {'section': '8'}, {'section': '9'}]","4. bei Entschädigungen nach § 8 den Betrag, die Art der Entschädigung und die Berechnung"
§ 10 Fälligkeit und Abrechnung der Vergütung; Rechnung ,(2),"Die Rechnung muss insbesondere enthalten: 1. das Datum der Erbringung der Leistung, 2. bei Gebühren die Nummer und die Bezeichnung der einzelnen berechneten Leistung einschließlich einer verständlichen Bezeichnung des behandelten Zahnes und einer in der Leistungsbeschreibung oder einer Abrechnungsbestimmung gegebenenfalls genannten Mindestdauer sowie den jeweiligen Betrag und den Steigerungssatz, 3. bei Gebühren für vollstationäre, teilstationäre sowie vor- und nachstationäre und privatzahnärztliche Leistungen zusätzlich den Minderungsbetrag nach § 7, 4. bei Entschädigungen nach § 8 den Betrag, die Art der Entschädigung und die Berechnung, 5. bei Ersatz von Auslagen nach § 9 Art, Umfang und Ausführung der einzelnen Leistungen und deren Preise sowie die direkt zurechenbaren Materialien und deren Preise, insbesondere Bezeichnung, Gewicht und Tagespreis der verwendeten Legierungen, 6. bei nach dem Gebührenverzeichnis gesondert berechnungsfähigen Kosten Art, Menge und Preis verwendeter Materialien; die Auslagen sind dem Zahlungspflichtigen auf Verlangen näher zu erläutern.","References: §7, §8, §9",10.0,2.0,"[{'section': '7'}, {'section': '8'}, {'section': '9'}]","5. bei Ersatz von Auslagen nach § 9 Art, Umfang und Ausführung der einzelnen Leistungen und deren Preise sowie die direkt zurechenbaren Materialien und deren Preise, insbesondere Bezeichnung, Gewicht und Tagespreis der verwendeten Legierungen"
§ 10 Fälligkeit und Abrechnung der Vergütung; Rechnung ,(2),"Die Rechnung muss insbesondere enthalten: 1. das Datum der Erbringung der Leistung, 2. bei Gebühren die Nummer und die Bezeichnung der einzelnen berechneten Leistung einschließlich einer verständlichen Bezeichnung des behandelten Zahnes und einer in der Leistungsbeschreibung oder einer Abrechnungsbestimmung gegebenenfalls genannten Mindestdauer sowie den jeweiligen Betrag und den Steigerungssatz, 3. bei Gebühren für vollstationäre, teilstationäre sowie vor- und nachstationäre und privatzahnärztliche Leistungen zusätzlich den Minderungsbetrag nach § 7, 4. bei Entschädigungen nach § 8 den Betrag, die Art der Entschädigung und die Berechnung, 5. bei Ersatz von Auslagen nach § 9 Art, Umfang und Ausführung der einzelnen Leistungen und deren Preise sowie die direkt zurechenbaren Materialien und deren Preise, insbesondere Bezeichnung, Gewicht und Tagespreis der verwendeten Legierungen, 6. bei nach dem Gebührenverzeichnis gesondert berechnungsfähigen Kosten Art, Menge und Preis verwendeter Materialien; die Auslagen sind dem Zahlungspflichtigen auf Verlangen näher zu erläutern.","References: §7, §8, §9",10.0,2.0,"[{'section': '7'}, {'section': '8'}, {'section': '9'}]","6. bei nach dem Gebührenverzeichnis gesondert berechnungsfähigen Kosten Art, Menge und Preis verwendeter Materialien; die Auslagen sind dem Zahlungspflichtigen auf Verlangen näher zu erläutern."
§ 10 Fälligkeit und Abrechnung der Vergütung; Rechnung ,(3),"Überschreitet die berechnete Gebühr nach Absatz 2 Nummer 2 das 2,3fache des Gebührensatzes, ist dies auf die einzelne Leistung bezogen für den Zahlungspflichtigen verständlich und nachvollziehbar schriftlich zu begründen. Auf Verlangen ist die Begründung näher zu erläutern. Soweit im Fall einer abweichenden Vereinbarung nach § 2 auch ohne die getroffene Vereinbarung ein Überschreiten der in Satz 1 genannten Steigerungssätze gerechtfertigt gewesen wäre, ist das Überschreiten auf Verlangen des Zahlungspflichtigen schriftlich zu begründen; die Sätze 1 und 2 gelten entsprechend. Die Bezeichnung der Leistung nach Absatz 2 Nr. 2 kann entfallen, wenn der Rechnung eine Zusammenstellung beigefügt ist, der die Bezeichnung für die abgerechnete Leistungsnummer entnommen werden kann. Bei Auslagen nach Absatz 2 Nr. 5 ist der Beleg oder ein sonstiger Nachweis beizufügen. Wurden zahntechnische Leistungen in Auftrag gegeben, ist eine den Erfordernissen des Absatzes 2 Nr. 5 entsprechende Rechnung des Dentallabors beizufügen; insoweit genügt es, in der Rechnung des Zahnarztes den Gesamtbetrag für diese Leistungen anzugeben. Leistungen, die auf Verlangen erbracht worden sind (§ 1 Abs. 2 Satz 2 und § 2 Abs. 3) sind als solche zu bezeichnen.","References: § 2, § 1 Abs. 2 Satz 2, § 2 Abs. 3",10.0,3.0,"[{'section': '2'}, {'section': '1', 'paragraph': '2', 'sentence': '2'}, {'section': '2', 'paragraph': '3'}]","If the calculated fee according to paragraph 2 number 2 exceeds 2.3 times the fee rate, this must be justified in writing in a comprehensible and traceable manner for the person liable to pay. The justification must be explained in more detail on request."
§ 10 Fälligkeit und Abrechnung der Vergütung; Rechnung ,(3),"Überschreitet die berechnete Gebühr nach Absatz 2 Nummer 2 das 2,3fache des Gebührensatzes, ist dies auf die einzelne Leistung bezogen für den Zahlungspflichtigen verständlich und nachvollziehbar schriftlich zu begründen. Auf Verlangen ist die Begründung näher zu erläutern. Soweit im Fall einer abweichenden Vereinbarung nach § 2 auch ohne die getroffene Vereinbarung ein Überschreiten der in Satz 1 genannten Steigerungssätze gerechtfertigt gewesen wäre, ist das Überschreiten auf Verlangen des Zahlungspflichtigen schriftlich zu begründen; die Sätze 1 und 2 gelten entsprechend. Die Bezeichnung der Leistung nach Absatz 2 Nr. 2 kann entfallen, wenn der Rechnung eine Zusammenstellung beigefügt ist, der die Bezeichnung für die abgerechnete Leistungsnummer entnommen werden kann. Bei Auslagen nach Absatz 2 Nr. 5 ist der Beleg oder ein sonstiger Nachweis beizufügen. Wurden zahntechnische Leistungen in Auftrag gegeben, ist eine den Erfordernissen des Absatzes 2 Nr. 5 entsprechende Rechnung des Dentallabors beizufügen; insoweit genügt es, in der Rechnung des Zahnarztes den Gesamtbetrag für diese Leistungen anzugeben. Leistungen, die auf Verlangen erbracht worden sind (§ 1 Abs. 2 Satz 2 und § 2 Abs. 3) sind als solche zu bezeichnen.","References: § 2, § 1 Abs. 2 Satz 2, § 2 Abs. 3",10.0,3.0,"[{'section': '2'}, {'section': '1', 'paragraph': '2', 'sentence': '2'}, {'section': '2', 'paragraph': '3'}]","If in the case of a deviating agreement according to § 2, an exceeding of the increase rates mentioned in sentence 1 would have been justified even without the agreement made, the exceeding must be justified in writing at the request of the person liable to pay; sentences 1 and 2 apply accordingly."
§ 10 Fälligkeit und Abrechnung der Vergütung; Rechnung ,(3),"Überschreitet die berechnete Gebühr nach Absatz 2 Nummer 2 das 2,3fache des Gebührensatzes, ist dies auf die einzelne Leistung bezogen für den Zahlungspflichtigen verständlich und nachvollziehbar schriftlich zu begründen. Auf Verlangen ist die Begründung näher zu erläutern. Soweit im Fall einer abweichenden Vereinbarung nach § 2 auch ohne die getroffene Vereinbarung ein Überschreiten der in Satz 1 genannten Steigerungssätze gerechtfertigt gewesen wäre, ist das Überschreiten auf Verlangen des Zahlungspflichtigen schriftlich zu begründen; die Sätze 1 und 2 gelten entsprechend. Die Bezeichnung der Leistung nach Absatz 2 Nr. 2 kann entfallen, wenn der Rechnung eine Zusammenstellung beigefügt ist, der die Bezeichnung für die abgerechnete Leistungsnummer entnommen werden kann. Bei Auslagen nach Absatz 2 Nr. 5 ist der Beleg oder ein sonstiger Nachweis beizufügen. Wurden zahntechnische Leistungen in Auftrag gegeben, ist eine den Erfordernissen des Absatzes 2 Nr. 5 entsprechende Rechnung des Dentallabors beizufügen; insoweit genügt es, in der Rechnung des Zahnarztes den Gesamtbetrag für diese Leistungen anzugeben. Leistungen, die auf Verlangen erbracht worden sind (§ 1 Abs. 2 Satz 2 und § 2 Abs. 3) sind als solche zu bezeichnen.","References: § 2, § 1 Abs. 2 Satz 2, § 2 Abs. 3",10.0,3.0,"[{'section': '2'}, {'section': '1', 'paragraph': '2', 'sentence': '2'}, {'section': '2', 'paragraph': '3'}]",The designation of the service according to paragraph 2 No. 2 can be omitted if the invoice is accompanied by a compilation from which the designation for the invoiced service number can be taken.
§ 10 Fälligkeit und Abrechnung der Vergütung; Rechnung ,(3),"Überschreitet die berechnete Gebühr nach Absatz 2 Nummer 2 das 2,3fache des Gebührensatzes, ist dies auf die einzelne Leistung bezogen für den Zahlungspflichtigen verständlich und nachvollziehbar schriftlich zu begründen. Auf Verlangen ist die Begründung näher zu erläutern. Soweit im Fall einer abweichenden Vereinbarung nach § 2 auch ohne die getroffene Vereinbarung ein Überschreiten der in Satz 1 genannten Steigerungssätze gerechtfertigt gewesen wäre, ist das Überschreiten auf Verlangen des Zahlungspflichtigen schriftlich zu begründen; die Sätze 1 und 2 gelten entsprechend. Die Bezeichnung der Leistung nach Absatz 2 Nr. 2 kann entfallen, wenn der Rechnung eine Zusammenstellung beigefügt ist, der die Bezeichnung für die abgerechnete Leistungsnummer entnommen werden kann. Bei Auslagen nach Absatz 2 Nr. 5 ist der Beleg oder ein sonstiger Nachweis beizufügen. Wurden zahntechnische Leistungen in Auftrag gegeben, ist eine den Erfordernissen des Absatzes 2 Nr. 5 entsprechende Rechnung des Dentallabors beizufügen; insoweit genügt es, in der Rechnung des Zahnarztes den Gesamtbetrag für diese Leistungen anzugeben. Leistungen, die auf Verlangen erbracht worden sind (§ 1 Abs. 2 Satz 2 und § 2 Abs. 3) sind als solche zu bezeichnen.","References: § 2, § 1 Abs. 2 Satz 2, § 2 Abs. 3",10.0,3.0,"[{'section': '2'}, {'section': '1', 'paragraph': '2', 'sentence': '2'}, {'section': '2', 'paragraph': '3'}]","For expenses according to paragraph 2 No. 5, the receipt or other proof must be attached."
§ 10 Fälligkeit und Abrechnung der Vergütung; Rechnung ,(3),"Überschreitet die berechnete Gebühr nach Absatz 2 Nummer 2 das 2,3fache des Gebührensatzes, ist dies auf die einzelne Leistung bezogen für den Zahlungspflichtigen verständlich und nachvollziehbar schriftlich zu begründen. Auf Verlangen ist die Begründung näher zu erläutern. Soweit im Fall einer abweichenden Vereinbarung nach § 2 auch ohne die getroffene Vereinbarung ein Überschreiten der in Satz 1 genannten Steigerungssätze gerechtfertigt gewesen wäre, ist das Überschreiten auf Verlangen des Zahlungspflichtigen schriftlich zu begründen; die Sätze 1 und 2 gelten entsprechend. Die Bezeichnung der Leistung nach Absatz 2 Nr. 2 kann entfallen, wenn der Rechnung eine Zusammenstellung beigefügt ist, der die Bezeichnung für die abgerechnete Leistungsnummer entnommen werden kann. Bei Auslagen nach Absatz 2 Nr. 5 ist der Beleg oder ein sonstiger Nachweis beizufügen. Wurden zahntechnische Leistungen in Auftrag gegeben, ist eine den Erfordernissen des Absatzes 2 Nr. 5 entsprechende Rechnung des Dentallabors beizufügen; insoweit genügt es, in der Rechnung des Zahnarztes den Gesamtbetrag für diese Leistungen anzugeben. Leistungen, die auf Verlangen erbracht worden sind (§ 1 Abs. 2 Satz 2 und § 2 Abs. 3) sind als solche zu bezeichnen.","References: § 2, § 1 Abs. 2 Satz 2, § 2 Abs. 3",10.0,3.0,"[{'section': '2'}, {'section': '1', 'paragraph': '2', 'sentence': '2'}, {'section': '2', 'paragraph': '3'}]","If dental technical services have been commissioned, an invoice from the dental laboratory corresponding to the requirements of paragraph 2 No. 5 must be attached; in this respect, it is sufficient to state the total amount for these services in the dentist's invoice."
§ 10 Fälligkeit und Abrechnung der Vergütung; Rechnung ,(3),"Überschreitet die berechnete Gebühr nach Absatz 2 Nummer 2 das 2,3fache des Gebührensatzes, ist dies auf die einzelne Leistung bezogen für den Zahlungspflichtigen verständlich und nachvollziehbar schriftlich zu begründen. Auf Verlangen ist die Begründung näher zu erläutern. Soweit im Fall einer abweichenden Vereinbarung nach § 2 auch ohne die getroffene Vereinbarung ein Überschreiten der in Satz 1 genannten Steigerungssätze gerechtfertigt gewesen wäre, ist das Überschreiten auf Verlangen des Zahlungspflichtigen schriftlich zu begründen; die Sätze 1 und 2 gelten entsprechend. Die Bezeichnung der Leistung nach Absatz 2 Nr. 2 kann entfallen, wenn der Rechnung eine Zusammenstellung beigefügt ist, der die Bezeichnung für die abgerechnete Leistungsnummer entnommen werden kann. Bei Auslagen nach Absatz 2 Nr. 5 ist der Beleg oder ein sonstiger Nachweis beizufügen. Wurden zahntechnische Leistungen in Auftrag gegeben, ist eine den Erfordernissen des Absatzes 2 Nr. 5 entsprechende Rechnung des Dentallabors beizufügen; insoweit genügt es, in der Rechnung des Zahnarztes den Gesamtbetrag für diese Leistungen anzugeben. Leistungen, die auf Verlangen erbracht worden sind (§ 1 Abs. 2 Satz 2 und § 2 Abs. 3) sind als solche zu bezeichnen.","References: § 2, § 1 Abs. 2 Satz 2, § 2 Abs. 3",10.0,3.0,"[{'section': '2'}, {'section': '1', 'paragraph': '2', 'sentence': '2'}, {'section': '2', 'paragraph': '3'}]",Services that have been provided on request (§ 1 paragraph 2 sentence 2 and § 2 paragraph 3) must be designated as such.
§ 10 Fälligkeit und Abrechnung der Vergütung; Rechnung ,(4),"Wird eine Leistung nach § 6 Absatz 1 berechnet, ist die entsprechend bewertete Leistung für den Zahlungspflichtigen verständlich zu beschreiben und mit dem Hinweis ""entsprechend"" sowie der Nummer und der Bezeichnung der als gleichwertig erachteten Leistung zu versehen.",References: §6 (1),10.0,4.0,"[{'section': '6', 'paragraph': '1'}]","Wird eine Leistung nach § 6 Absatz 1 berechnet, ist die entsprechend bewertete Leistung für den Zahlungspflichtigen verständlich zu beschreiben und mit dem Hinweis ""entsprechend"" sowie der Nummer und der Bezeichnung der als gleichwertig erachteten Leistung zu versehen."
§ 10 Fälligkeit und Abrechnung der Vergütung; Rechnung ,(5),Durch Vereinbarung mit öffentlich-rechtlichen Kostenträgern kann eine von den Vorschriften der Absätze 1 bis 4 abweichende Regelung getroffen werden.,References: Absätze 1 bis 4,10.0,5.0,,
§ 10 Fälligkeit und Abrechnung der Vergütung; Rechnung ,(6),"Die Übermittlung von Daten an einen Dritten zum Zwecke der Abrechnung ist nur zulässig, wenn der Betroffene gegenüber dem Zahnarzt in die Übermittlung der für die Abrechnung erforderlichen Daten schriftlich eingewilligt und den Zahnarzt insoweit schriftlich von seiner Schweigepflicht entbunden hat.",The text does not mention any references to other paragraphs.,10.0,6.0,,
§ 11 Übergangsvorschrift ,,"Die Gebührenordnung für Zahnärzte in der vor dem 1. Januar 2012 geltenden Fassung gilt weiter für 1. Leistungen, die vor dem Inkrafttreten der Verordnung vom 5. Dezember 2011 (BGBl. I S. 2661) erbracht worden sind, 2. vor dem Inkrafttreten der Verordnung vom  5. Dezember 2011 (BGBl I S. 2661) begonnene Leistungen nach den Nummern 215 bis 222, 500 bis 523 und 531 bis 534 des Gebührenverzeichnisses der Gebührenordnung für Zahnärzte in der vor dem 1. Januar 2012 geltenden Fassung, wenn sie erst nach Inkrafttreten der Verordnung vom  5. Dezember 2011 (BGBl I S. 2661) beendet werden, 3. Leistungen des Gebührenverzeichnisses der Gebührenordnung für Zahnärzte in der vor dem 1. Januar 2012 geltenden Fassung, die auf Grund einer vor dem Inkrafttreten der Verordnung vom  5. Dezember 2011 (BGBl I S. 2661) geplanten und begonnenen kieferorthopädischen Behandlung bis zum Behandlungsabschluss, längstens jedoch bis zum Ablauf von vier Jahren nach Inkrafttreten dieser Verordnung, erbracht werden.",The text does not mention any references to other paragraphs.,11.0,,,"1. Leistungen, die vor dem Inkrafttreten der Verordnung vom 5. Dezember 2011 (BGBl. I S. 2661) erbracht worden sind."
§ 11 Übergangsvorschrift ,,"Die Gebührenordnung für Zahnärzte in der vor dem 1. Januar 2012 geltenden Fassung gilt weiter für 1. Leistungen, die vor dem Inkrafttreten der Verordnung vom 5. Dezember 2011 (BGBl. I S. 2661) erbracht worden sind, 2. vor dem Inkrafttreten der Verordnung vom  5. Dezember 2011 (BGBl I S. 2661) begonnene Leistungen nach den Nummern 215 bis 222, 500 bis 523 und 531 bis 534 des Gebührenverzeichnisses der Gebührenordnung für Zahnärzte in der vor dem 1. Januar 2012 geltenden Fassung, wenn sie erst nach Inkrafttreten der Verordnung vom  5. Dezember 2011 (BGBl I S. 2661) beendet werden, 3. Leistungen des Gebührenverzeichnisses der Gebührenordnung für Zahnärzte in der vor dem 1. Januar 2012 geltenden Fassung, die auf Grund einer vor dem Inkrafttreten der Verordnung vom  5. Dezember 2011 (BGBl I S. 2661) geplanten und begonnenen kieferorthopädischen Behandlung bis zum Behandlungsabschluss, längstens jedoch bis zum Ablauf von vier Jahren nach Inkrafttreten dieser Verordnung, erbracht werden.",The text does not mention any references to other paragraphs.,11.0,,,"2. vor dem Inkrafttreten der Verordnung vom  5. Dezember 2011 (BGBl I S. 2661) begonnene Leistungen nach den Nummern 215 bis 222, 500 bis 523 und 531 bis 534 des Gebührenverzeichnisses der Gebührenordnung für Zahnärzte in der vor dem 1. Januar 2012 geltenden Fassung, wenn sie erst nach Inkrafttreten der Verordnung vom  5. Dezember 2011 (BGBl I S. 2661) beendet werden."
§ 11 Übergangsvorschrift ,,"Die Gebührenordnung für Zahnärzte in der vor dem 1. Januar 2012 geltenden Fassung gilt weiter für 1. Leistungen, die vor dem Inkrafttreten der Verordnung vom 5. Dezember 2011 (BGBl. I S. 2661) erbracht worden sind, 2. vor dem Inkrafttreten der Verordnung vom  5. Dezember 2011 (BGBl I S. 2661) begonnene Leistungen nach den Nummern 215 bis 222, 500 bis 523 und 531 bis 534 des Gebührenverzeichnisses der Gebührenordnung für Zahnärzte in der vor dem 1. Januar 2012 geltenden Fassung, wenn sie erst nach Inkrafttreten der Verordnung vom  5. Dezember 2011 (BGBl I S. 2661) beendet werden, 3. Leistungen des Gebührenverzeichnisses der Gebührenordnung für Zahnärzte in der vor dem 1. Januar 2012 geltenden Fassung, die auf Grund einer vor dem Inkrafttreten der Verordnung vom  5. Dezember 2011 (BGBl I S. 2661) geplanten und begonnenen kieferorthopädischen Behandlung bis zum Behandlungsabschluss, längstens jedoch bis zum Ablauf von vier Jahren nach Inkrafttreten dieser Verordnung, erbracht werden.",The text does not mention any references to other paragraphs.,11.0,,,"3. Leistungen des Gebührenverzeichnisses der Gebührenordnung für Zahnärzte in der vor dem 1. Januar 2012 geltenden Fassung, die auf Grund einer vor dem Inkrafttreten der Verordnung vom  5. Dezember 2011 (BGBl I S. 2661) geplanten und begonnenen kieferorthopädischen Behandlung bis zum Behandlungsabschluss, längstens jedoch bis zum Ablauf von vier Jahren nach Inkrafttreten dieser Verordnung, erbracht werden."
§ 12 Überprüfung ,,Die Bundesregierung prüft die Auswirkungen der Neustrukturierung und Obewertung der Leistungen der Gebührenordnung für Zahnärzte. Sie berichtet dem Bundesrat bis spätestens Mitte des Jahres 2015 über das Ergebnis der Prüfung und die tragenden Gründe.,The text does not mention any references to other paragraphs.,12.0,,,
